workpoint,pose,roll_deg,pitch_deg,direction,dx,dy,dz,arm_status,arm_force_N,arm_no_gravity_force_N,arm_limiter,whole_status,whole_force_N,whole_limiter,unloaded_feet,arm_peak_abs_tau_at20N_Nm,arm_peak_PD_error_at20N_rad,arm_min_cap_margin_at20N_Nm,arm_analytic_vs_LP_abs_N
low90,neutral,0.0,0.0,press_down,0.0,0.0,-1.0,OPTIMAL,289.13068790486477,276.46728719745795,arm_j2,OPTIMAL,164.6706697917608,FL_foot:normal_lower;FR_foot:normal_lower,FL_foot;FR_foot,2.724330445339691,0.04256766320843267,97.27566955466031,0.0
low90,neutral,0.0,0.0,opening_normal_tangent,1.0,0.0,0.0,OPTIMAL,685.4934570937949,713.5947833508154,arm_j3,OPTIMAL,138.95277051850525,FL_foot:normal_lower;FR_foot:normal_lower,FL_foot;FR_foot,6.740705983184444,0.10532353098725694,93.25929401681556,0.0
low90,neutral,0.0,0.0,closing_normal_tangent,-1.0,-0.0,-0.0,OPTIMAL,741.6961096078359,713.5947833508154,arm_j3,OPTIMAL,119.20477090712471,RL_foot:normal_lower;RR_foot:normal_lower,RL_foot;RR_foot,6.489378079881179,0.05069826624907171,93.51062192011882,0.0
low90,neutral,0.0,0.0,handle_axis,0.0,1.0,0.0,OPTIMAL,281.6901408450703,281.6901408450703,arm_j1,OPTIMAL,100.60033145283975,"FL_foot:friction(1,1);FL_foot:friction(-1,1);RL_foot:friction(-1,1);RL_foot:friction(-1,-1);FR_foot:friction(1,1);FR_foot:friction(-1,1);FL_foot:normal_lower",FL_foot,7.100000000000004,0.11093750000000006,92.89999999999999,0.0
low90,roll+8,8.0,0.0,press_down,0.0,0.0,-1.0,OPTIMAL,289.61064803052176,275.82278447696353,arm_j2,OPTIMAL,165.11094016956133,FL_foot:normal_lower;FR_foot:normal_lower,FL_foot;FR_foot,2.4447037776777583,0.03819849652621497,97.55529622232224,0.0
low90,roll+8,8.0,0.0,opening_normal_tangent,1.0,0.0,0.0,OPTIMAL,583.4192331628306,579.845669769835,arm_j1,OPTIMAL,139.32428044707817,FL_foot:normal_lower;FR_foot:normal_lower,FL_foot;FR_foot,6.489347338068877,0.10139605215732621,93.51065266193112,0.0
low90,roll+8,8.0,0.0,closing_normal_tangent,-1.0,-0.0,-0.0,OPTIMAL,576.2721063768396,579.845669769835,arm_j1,OPTIMAL,118.83326097854186,RL_foot:normal_lower;RR_foot:normal_lower,RL_foot;RR_foot,6.3592985450248465,0.06352326959029686,93.64070145497516,0.0
low90,roll+8,8.0,0.0,handle_axis,0.0,1.0,0.0,OPTIMAL,282.7053660692758,284.4584711319871,arm_j1,OPTIMAL,100.02425912831094,"FL_foot:friction(1,1);FL_foot:friction(-1,1);RL_foot:friction(-1,1);RL_foot:friction(-1,-1);FR_foot:friction(1,1);FR_foot:friction(-1,1);FL_foot:normal_lower",FL_foot,7.64719889555267,0.11948748274301046,92.35280110444734,0.0
low90,roll-8,-8.0,0.0,press_down,0.0,0.0,-1.0,OPTIMAL,290.42848050988664,278.93290340391513,arm_j2,OPTIMAL,164.28110769683443,FL_foot:normal_lower;FR_foot:normal_lower,FL_foot;FR_foot,3.0489134807138516,0.04648756285941365,96.95108651928615,0.0
low90,roll-8,-8.0,0.0,opening_normal_tangent,1.0,0.0,0.0,OPTIMAL,649.9490856744147,677.3616409129783,arm_j3,OPTIMAL,138.62404936587106,FL_foot:normal_lower;FR_foot:normal_lower,FL_foot;FR_foot,6.999592592024952,0.10936863425038988,93.00040740797505,0.0
low90,roll-8,-8.0,0.0,closing_normal_tangent,-1.0,-0.0,-0.0,OPTIMAL,704.7741961515418,677.3616409129783,arm_j3,OPTIMAL,119.53349205975921,RL_foot:normal_lower;RR_foot:normal_lower,RL_foot;RR_foot,6.523945316052169,0.05096832278165757,93.47605468394784,0.0
low90,roll-8,-8.0,0.0,handle_axis,0.0,1.0,0.0,OPTIMAL,285.9620873013478,284.4584711320051,arm_j1,OPTIMAL,101.28392450370903,"FL_foot:friction(1,1);FL_foot:friction(-1,1);RL_foot:friction(-1,1);RL_foot:friction(-1,-1);FR_foot:friction(1,1);FR_foot:friction(-1,1);FL_foot:normal_lower",FL_foot,6.502314294614166,0.10159866085334635,93.49768570538583,0.0
low90,pitch+8,0.0,8.0,press_down,0.0,0.0,-1.0,OPTIMAL,315.69140335033075,303.25821425344327,arm_j3,OPTIMAL,166.60459973257818,FL_foot:normal_lower;FR_foot:normal_lower,FL_foot;FR_foot,2.7496164255226105,0.038987046287334334,97.25038357447738,0.0
low90,pitch+8,0.0,8.0,opening_normal_tangent,1.0,0.0,0.0,OPTIMAL,808.2465829342221,841.5229770988506,arm_j3,OPTIMAL,140.58466357879095,FL_foot:normal_lower;FR_foot:normal_lower,FL_foot;FR_foot,6.472910286564867,0.10113922322757604,93.52708971343513,0.0
low90,pitch+8,0.0,8.0,closing_normal_tangent,-1.0,-0.0,-0.0,OPTIMAL,839.6913189840402,841.5229770988506,arm_j1,OPTIMAL,117.57287784681621,RL_foot:normal_lower;RR_foot:normal_lower,RL_foot;RR_foot,5.197040450511075,0.04060187851961777,94.80295954948892,0.0
low90,pitch+8,0.0,8.0,handle_axis,0.0,1.0,0.0,OPTIMAL,336.5266301463767,337.2607114915348,arm_j1,OPTIMAL,101.03534724800592,"FL_foot:friction(1,1);FL_foot:friction(-1,1);FL_foot:friction(-1,-1);RL_foot:friction(-1,1);RL_foot:friction(-1,-1);FR_foot:friction(1,1);FR_foot:friction(-1,1)",FL_foot,6.147790311377111,0.09605922361526736,93.85220968862289,0.0
low90,pitch-8,0.0,-8.0,press_down,0.0,0.0,-1.0,OPTIMAL,261.27183858037716,247.3648140347764,arm_j2,OPTIMAL,163.2449078201294,FL_foot:normal_lower;FR_foot:normal_lower,FL_foot;FR_foot,2.8274960283267,0.04417962544260469,97.1725039716733,0.0
low90,pitch-8,0.0,-8.0,opening_normal_tangent,1.0,0.0,0.0,OPTIMAL,627.6884759402283,652.7341540172125,arm_j3,OPTIMAL,137.74968088324343,FL_foot:normal_lower;FR_foot:normal_lower,FL_foot;FR_foot,6.901075698238462,0.10782930778497597,93.09892430176154,0.0
low90,pitch-8,0.0,-8.0,closing_normal_tangent,-1.0,-0.0,-0.0,OPTIMAL,677.7798320941968,652.7341540172125,arm_j3,OPTIMAL,120.407860542437,RL_foot:normal_lower;RR_foot:normal_lower,RL_foot;RR_foot,7.5022623071942505,0.05861142427495508,92.49773769280574,0.0
low90,pitch-8,0.0,-8.0,handle_axis,0.0,1.0,0.0,OPTIMAL,248.51310960653404,247.67093445935487,arm_j1,OPTIMAL,100.26324759873904,"FL_foot:friction(1,1);FL_foot:friction(-1,1);FL_foot:friction(-1,-1);RL_foot:friction(-1,1);RL_foot:friction(-1,-1);FR_foot:friction(1,1);FR_foot:friction(-1,1)",FL_foot,7.735193027248335,0.12086239105075523,92.26480697275167,0.0
mid105,neutral,0.0,0.0,press_down,0.0,0.0,-1.0,OPTIMAL,253.6005199966889,241.28198290242608,arm_j2,OPTIMAL,155.26621252202938,FL_foot:normal_lower;FR_foot:normal_lower,FL_foot;FR_foot,3.183604019386541,0.048594612222266645,96.81639598061346,0.0
mid105,neutral,0.0,0.0,opening_normal_tangent,1.0,0.0,0.0,OPTIMAL,447.8845533509751,426.1287522016977,arm_j2,OPTIMAL,119.69398387031568,FL_foot:normal_lower;FR_foot:normal_lower,FL_foot;FR_foot,5.382264264794994,0.08409787913742178,94.617735735205,0.0
mid105,neutral,0.0,0.0,closing_normal_tangent,-1.0,-0.0,-0.0,OPTIMAL,404.37295105242026,426.1287522016977,arm_j2,OPTIMAL,101.58390878022519,RL_foot:normal_lower;RR_foot:normal_lower,RL_foot;RR_foot,9.798869692208271,0.07655366947037712,90.20113030779173,0.0
mid105,neutral,0.0,0.0,handle_axis,0.0,1.0,0.0,OPTIMAL,246.91358024691513,246.91358024691513,arm_j1,OPTIMAL,88.27655522700886,FL_foot:normal_lower;RL_foot:normal_lower,FL_foot;RL_foot,8.09999999999995,0.12656249999999922,91.90000000000005,0.0
mid105,roll+8,8.0,0.0,press_down,0.0,0.0,-1.0,OPTIMAL,258.29385639217526,244.99618186763382,arm_j2,OPTIMAL,155.72027975799162,FL_foot:normal_lower;FR_foot:normal_lower,FL_foot;FR_foot,2.782815647034326,0.04348149448491134,97.21718435296567,0.0
mid105,roll+8,8.0,0.0,opening_normal_tangent,1.0,0.0,0.0,OPTIMAL,520.8939362758413,517.2351882050507,arm_j1,OPTIMAL,120.04402214029423,FL_foot:normal_lower;FR_foot:normal_lower,FL_foot;FR_foot,5.452231488180816,0.08519111700282525,94.54776851181919,0.0
mid105,roll+8,8.0,0.0,closing_normal_tangent,-1.0,-0.0,-0.0,OPTIMAL,509.2724468013262,517.2351882050507,arm_j2,OPTIMAL,101.23387051024707,RL_foot:normal_lower;RR_foot:normal_lower,RL_foot;RR_foot,9.141722541798678,0.07146999025510127,90.85827745820131,0.0
mid105,roll+8,8.0,0.0,handle_axis,0.0,1.0,0.0,OPTIMAL,247.576392913205,249.34014136262314,arm_j1,OPTIMAL,86.69788295856377,FL_foot:normal_lower;RL_foot:normal_lower,FL_foot;RL_foot,8.728537783960935,0.1363834028743896,91.27146221603907,0.0
mid105,roll-8,-8.0,0.0,press_down,0.0,0.0,-1.0,OPTIMAL,250.15826074468833,238.06189403410488,arm_j3,OPTIMAL,154.9631737862206,FL_foot:normal_lower;FR_foot:normal_lower,FL_foot;FR_foot,3.516993698092919,0.05187485827926819,96.48300630190708,0.0
mid105,roll-8,-8.0,0.0,opening_normal_tangent,1.0,0.0,0.0,OPTIMAL,385.7150923734297,368.5022941717438,arm_j2,OPTIMAL,119.46037275191823,FL_foot:normal_lower;FR_foot:normal_lower,FL_foot;FR_foot,5.239254366646967,0.08186334947885886,94.76074563335304,0.0
mid105,roll-8,-8.0,0.0,closing_normal_tangent,-1.0,-0.0,-0.0,OPTIMAL,351.289495970058,368.5022941717438,arm_j2,OPTIMAL,101.81751989861519,RL_foot:normal_lower;RR_foot:normal_lower,RL_foot;RR_foot,10.098389831012142,0.07889367055478236,89.90161016898786,0.0
mid105,roll-8,-8.0,0.0,handle_axis,0.0,1.0,0.0,OPTIMAL,250.89123177896113,249.34014136262343,arm_j1,OPTIMAL,90.0872734331452,FL_foot:normal_lower;RL_foot:normal_lower,FL_foot;RL_foot,7.399093255839411,0.11561083212249079,92.6009067441606,0.0
mid105,pitch+8,0.0,8.0,press_down,0.0,0.0,-1.0,OPTIMAL,270.0231332325025,257.36811345202926,arm_j3,OPTIMAL,157.16079622792753,FL_foot:normal_lower;FR_foot:normal_lower,FL_foot;FR_foot,3.1554767740871643,0.044591893840608215,96.84452322591284,0.0
mid105,pitch+8,0.0,8.0,opening_normal_tangent,1.0,0.0,0.0,OPTIMAL,484.54538244477123,465.47452167444317,arm_j2,OPTIMAL,121.15450942736759,FL_foot:normal_lower;FR_foot:normal_lower,FL_foot;FR_foot,5.108957614772042,0.07982746273081316,94.89104238522796,0.0
mid105,pitch+8,0.0,8.0,closing_normal_tangent,-1.0,-0.0,-0.0,OPTIMAL,446.40366090411516,465.47452167444317,arm_j2,OPTIMAL,100.12338322315539,RL_foot:normal_lower;RR_foot:normal_lower,RL_foot;RR_foot,8.39377000265861,0.07383157561524885,91.60622999734139,0.0
mid105,pitch+8,0.0,8.0,handle_axis,0.0,1.0,0.0,OPTIMAL,306.8969186034522,307.5560758721182,arm_j1,OPTIMAL,87.87183920086557,FL_foot:normal_lower;RL_foot:normal_lower,FL_foot;RL_foot,6.717200175637594,0.10495625274433741,93.2827998243624,0.0
mid105,pitch-8,0.0,-8.0,press_down,0.0,0.0,-1.0,OPTIMAL,232.45066315061996,219.09406224169877,arm_j2,OPTIMAL,153.89649837582166,FL_foot:normal_lower;FR_foot:normal_lower,FL_foot;FR_foot,3.2084917355803624,0.05013268336844316,96.79150826441963,0.0
mid105,pitch-8,0.0,-8.0,opening_normal_tangent,1.0,0.0,0.0,OPTIMAL,449.8147389520446,423.96841152195225,arm_j2,OPTIMAL,118.63807775745254,FL_foot:normal_lower;FR_foot:normal_lower,FL_foot;FR_foot,5.5782109890948135,0.08715954670460646,94.42178901090519,0.0
mid105,pitch-8,0.0,-8.0,closing_normal_tangent,-1.0,-0.0,-0.0,OPTIMAL,398.1220840918599,423.96841152195225,arm_j2,OPTIMAL,102.63981489312421,RL_foot:normal_lower;RR_foot:normal_lower,RL_foot;RR_foot,10.813618699920173,0.08448139609312635,89.18638130007983,0.0
mid105,pitch-8,0.0,-8.0,handle_axis,0.0,1.0,0.0,OPTIMAL,211.5639084479435,210.9033145586238,arm_j1,OPTIMAL,88.5486270350358,"FL_foot:friction(1,1);FL_foot:friction(-1,-1);RL_foot:normal_lower",FL_foot;RL_foot,9.169797141952756,0.14327808034301182,90.83020285804724,0.0
far90,neutral,0.0,0.0,press_down,0.0,0.0,-1.0,OPTIMAL,193.1746845837273,176.8849797190852,arm_j2,OPTIMAL,135.3024889928111,FL_foot:normal_lower;FR_foot:normal_lower,FL_foot;FR_foot,3.1745861865830243,0.049602909165359754,96.82541381341697,0.0
far90,neutral,0.0,0.0,opening_normal_tangent,1.0,0.0,0.0,OPTIMAL,833.3333333333336,833.3333333333336,arm_j1,OPTIMAL,144.2384667102919,FL_foot:normal_lower;FR_foot:normal_lower,FL_foot;FR_foot,7.018361940086018,0.10669610862457296,92.98163805991398,0.0
far90,neutral,0.0,0.0,closing_normal_tangent,-1.0,-0.0,-0.0,OPTIMAL,828.8196398506025,833.3333333333336,arm_j2,OPTIMAL,113.91907471533837,RL_foot:normal_lower;RR_foot:normal_lower,RL_foot;RR_foot,11.400053111901004,0.08906291493672659,88.599946888099,0.0
far90,neutral,0.0,0.0,handle_axis,0.0,1.0,0.0,OPTIMAL,180.18018018018023,180.18018018018023,arm_j1,OPTIMAL,89.24689251743655,"FL_foot:friction(1,1);FL_foot:friction(1,-1);FL_foot:friction(-1,1);RL_foot:friction(-1,1);RL_foot:friction(-1,-1);FR_foot:friction(1,1);FR_foot:friction(-1,1)",FL_foot,11.099999999999996,0.17343749999999994,88.9,0.0
far90,roll+8,8.0,0.0,press_down,0.0,0.0,-1.0,OPTIMAL,193.4072273659162,176.82158435628548,arm_j2,OPTIMAL,135.45426189701743,FL_foot:normal_lower;FR_foot:normal_lower,FL_foot;FR_foot,3.0562809756296456,0.04775439024421321,96.94371902437035,0.0
far90,roll+8,8.0,0.0,opening_normal_tangent,1.0,0.0,0.0,OPTIMAL,587.1058702196112,579.845669769801,arm_j1,OPTIMAL,144.40026337163832,FL_foot:normal_lower;FR_foot:normal_lower,FL_foot;FR_foot,7.660465540801304,0.10599198074969562,92.3395344591987,0.0
far90,roll+8,8.0,0.0,closing_normal_tangent,-1.0,-0.0,-0.0,OPTIMAL,572.5854693199909,579.845669769801,arm_j1,OPTIMAL,113.75727805399215,RL_foot:normal_lower;RR_foot:normal_lower,RL_foot;RR_foot,11.099283807685042,0.08671315474753939,88.90071619231496,0.0
far90,roll+8,8.0,0.0,handle_axis,0.0,1.0,0.0,OPTIMAL,179.67272137867107,181.95091396731854,arm_j1,OPTIMAL,88.67718350989917,"FL_foot:friction(1,1);FL_foot:friction(-1,1);RL_foot:friction(-1,1);RL_foot:friction(-1,-1);FR_foot:friction(1,1);FR_foot:friction(-1,1);FL_foot:normal_lower",FL_foot,12.244067426146042,0.1913135535335319,87.75593257385395,0.0
far90,roll-8,-8.0,0.0,press_down,0.0,0.0,-1.0,OPTIMAL,196.00137721046568,179.983465970497,arm_j2,OPTIMAL,135.22503439870562,FL_foot:normal_lower;FR_foot:normal_lower,FL_foot;FR_foot,3.2174893264982174,0.05027327072653465,96.78251067350178,0.0
far90,roll-8,-8.0,0.0,opening_normal_tangent,1.0,0.0,0.0,OPTIMAL,864.2876681852055,793.6550871706119,arm_j2,OPTIMAL,144.15589667017335,FL_foot:normal_lower;FR_foot:normal_lower,FL_foot;FR_foot,6.813911266269574,0.1064673635354621,93.18608873373043,0.0
far90,roll-8,-8.0,0.0,closing_normal_tangent,-1.0,-0.0,-0.0,OPTIMAL,723.0225061560183,793.6550871706119,arm_j2,OPTIMAL,114.00164475457629,RL_foot:normal_lower;RR_foot:normal_lower,RL_foot;RR_foot,11.419643429452409,0.08921596429259694,88.5803565705476,0.0
far90,roll-8,-8.0,0.0,handle_axis,0.0,1.0,0.0,OPTIMAL,184.17341691122868,181.9509139670653,arm_j1,OPTIMAL,89.86961506621712,"FL_foot:friction(1,1);FL_foot:friction(-1,1);RL_foot:friction(-1,1);RL_foot:friction(-1,-1);FR_foot:friction(1,1);FR_foot:friction(-1,1);FL_foot:normal_lower",FL_foot,10.023765423462374,0.1526639165702275,89.97623457653762,0.0
far90,pitch+8,0.0,8.0,press_down,0.0,0.0,-1.0,OPTIMAL,205.20832772581076,189.57467451047108,arm_j2,OPTIMAL,136.67939575927736,FL_foot:normal_lower;FR_foot:normal_lower,FL_foot;FR_foot,3.13241736014501,0.04894402125226578,96.86758263985499,0.0
far90,pitch+8,0.0,8.0,opening_normal_tangent,1.0,0.0,0.0,OPTIMAL,844.2416453218608,812.3227061944109,arm_j1,OPTIMAL,145.70631051920424,FL_foot:normal_lower;FR_foot:normal_lower,FL_foot;FR_foot,6.842962661613635,0.10692129158771305,93.15703733838636,0.0
far90,pitch+8,0.0,8.0,closing_normal_tangent,-1.0,-0.0,-0.0,OPTIMAL,745.3328958709428,812.3227061944109,arm_j2,OPTIMAL,112.45123090640402,RL_foot:normal_lower;RR_foot:normal_lower,RL_foot;RR_foot,10.708774931455524,0.08366230415199628,89.29122506854448,0.0
far90,pitch+8,0.0,8.0,handle_axis,0.0,1.0,0.0,OPTIMAL,201.54664295996582,202.19988048851928,arm_j1,OPTIMAL,89.70647850279629,"FL_foot:friction(1,1);FL_foot:friction(-1,1);RL_foot:friction(-1,1);RL_foot:friction(-1,-1);FR_foot:friction(1,1);FR_foot:friction(-1,1);FL_foot:normal_lower",FL_foot,10.21426792075979,0.15959793626187171,89.7857320792402,0.0
far90,pitch-8,0.0,-8.0,press_down,0.0,0.0,-1.0,OPTIMAL,182.38633430404556,165.54583190505176,arm_j2,OPTIMAL,134.178985394013,FL_foot:normal_lower;FR_foot:normal_lower,FL_foot;FR_foot,3.217365159818357,0.050271330622161825,96.78263484018164,0.0
far90,pitch-8,0.0,-8.0,opening_normal_tangent,1.0,0.0,0.0,OPTIMAL,838.4695603856521,841.522977098848,arm_j1,OPTIMAL,143.04076194047985,FL_foot:normal_lower;FR_foot:normal_lower,FL_foot;FR_foot,8.207869011489523,0.10441847320511817,91.79213098851048,0.0
far90,pitch-8,0.0,-8.0,closing_normal_tangent,-1.0,-0.0,-0.0,OPTIMAL,844.5763938120439,841.522977098848,arm_j1,OPTIMAL,115.11677948519835,RL_foot:normal_lower;RR_foot:normal_lower,RL_foot;RR_foot,12.137557031798147,0.09482466431092303,87.86244296820185,0.0
far90,pitch-8,0.0,-8.0,handle_axis,0.0,1.0,0.0,OPTIMAL,166.76689195443043,166.1639757246705,arm_j1,OPTIMAL,88.8608945746185,"FL_foot:friction(1,1);FL_foot:friction(-1,1);RL_foot:friction(-1,1);RL_foot:friction(-1,-1);FR_foot:friction(1,1);FR_foot:friction(-1,1);FL_foot:normal_lower",FL_foot,11.673459115097577,0.18239779867339964,88.32654088490243,0.0
high120,neutral,0.0,0.0,press_down,0.0,0.0,-1.0,OPTIMAL,233.33933938286503,219.78021978648547,arm_j2,OPTIMAL,147.90307615996826,FL_foot:normal_lower;FR_foot:normal_lower,FL_foot;FR_foot,3.2786666375854425,0.05122916621227254,96.72133336241455,0.0
high120,neutral,0.0,0.0,opening_normal_tangent,1.0,0.0,0.0,OPTIMAL,255.892749915717,241.0230738073923,arm_j2,OPTIMAL,105.92818314576928,FL_foot:normal_lower;FR_foot:normal_lower,FL_foot;FR_foot,2.1285613076925163,0.026268116860647506,97.87143869230748,0.0
high120,neutral,0.0,0.0,closing_normal_tangent,-1.0,-0.0,-0.0,OPTIMAL,226.15339769906763,241.0230738073923,arm_j2,OPTIMAL,87.68997292345344,RL_foot:normal_lower;RR_foot:normal_lower,RL_foot;RR_foot,14.467360140046145,0.1130262510941105,85.53263985995386,0.0
high120,neutral,0.0,0.0,handle_axis,0.0,1.0,0.0,OPTIMAL,219.78021978021974,219.78021978021974,arm_j1,OPTIMAL,75.60596471919669,FL_foot:normal_lower;RL_foot:normal_lower,FL_foot;RL_foot,9.100000000000001,0.14218750000000002,90.9,0.0
high120,roll+8,8.0,0.0,press_down,0.0,0.0,-1.0,OPTIMAL,241.7834466349509,228.04704747902431,arm_j2,OPTIMAL,148.04767122232235,FL_foot:normal_lower;FR_foot:normal_lower,FL_foot;FR_foot,3.102461970815998,0.04847596829399997,96.897538029184,0.0
high120,roll+8,8.0,0.0,opening_normal_tangent,1.0,0.0,0.0,OPTIMAL,274.48646376454576,258.8921140204076,arm_j2,OPTIMAL,106.0317421294274,FL_foot:normal_lower;FR_foot:normal_lower,FL_foot;FR_foot,1.7100798275627822,0.026719997305668472,98.28992017243722,0.0
high120,roll+8,8.0,0.0,closing_normal_tangent,-1.0,-0.0,-0.0,OPTIMAL,243.29776427626945,258.8921140204076,arm_j2,OPTIMAL,87.58641393982333,RL_foot:normal_lower;RR_foot:normal_lower,RL_foot;RR_foot,13.748719183208626,0.1074118686188174,86.25128081679138,0.0
high120,roll+8,8.0,0.0,handle_axis,0.0,1.0,0.0,OPTIMAL,220.00205077704564,221.94012582832795,arm_j1,OPTIMAL,74.19052035582138,FL_foot:normal_lower;RL_foot:normal_lower,FL_foot;RL_foot,9.88468172188546,0.15444815190446032,90.11531827811454,0.0
high120,roll-8,-8.0,0.0,press_down,0.0,0.0,-1.0,OPTIMAL,241.8023752425301,228.04796961460482,arm_j2,OPTIMAL,148.05880321563507,FL_foot:normal_lower;FR_foot:normal_lower,FL_foot;FR_foot,3.0945511854955834,0.04835236227336849,96.90544881450441,0.0
high120,roll-8,-8.0,0.0,opening_normal_tangent,1.0,0.0,0.0,OPTIMAL,274.5084539568387,258.8936337127036,arm_j2,OPTIMAL,106.03971486303794,FL_foot:normal_lower;FR_foot:normal_lower,FL_foot;FR_foot,1.7179870396408106,0.026843547494387665,98.2820129603592,0.0
high120,roll-8,-8.0,0.0,closing_normal_tangent,-1.0,-0.0,-0.0,OPTIMAL,243.2788134685685,258.8936337127036,arm_j2,OPTIMAL,87.57844120618482,RL_foot:normal_lower;RR_foot:normal_lower,RL_foot;RR_foot,13.756545394104647,0.10747301089144255,86.24345460589535,0.0
high120,roll-8,-8.0,0.0,handle_axis,0.0,1.0,0.0,OPTIMAL,223.88115910151615,221.94012582826772,arm_j1,OPTIMAL,77.02355367708422,FL_foot:normal_lower;RL_foot:normal_lower,FL_foot;RL_foot,9.932205955207898,0.12713850370790125,90.0677940447921,0.0
high120,pitch+8,0.0,8.0,press_down,0.0,0.0,-1.0,OPTIMAL,251.51322346608967,238.792094871533,arm_j2,OPTIMAL,149.53658387742058,FL_foot:normal_lower;FR_foot:normal_lower,FL_foot;FR_foot,3.2359301374079674,0.05056140839699949,96.76406986259204,0.0
high120,pitch+8,0.0,8.0,opening_normal_tangent,1.0,0.0,0.0,OPTIMAL,240.63259337975256,228.46178930734476,arm_j2,OPTIMAL,107.09810137301037,FL_foot:normal_lower;FR_foot:normal_lower,FL_foot;FR_foot,3.426917013706718,0.026772789169583734,96.57308298629329,0.0
high120,pitch+8,0.0,8.0,closing_normal_tangent,-1.0,-0.0,-0.0,OPTIMAL,216.29098523493695,228.46178930734476,arm_j2,OPTIMAL,86.5200546961994,RL_foot:normal_lower;RR_foot:normal_lower,RL_foot;RR_foot,14.081481270869816,0.1149212931783883,85.91851872913018,0.0
high120,pitch+8,0.0,8.0,handle_axis,0.0,1.0,0.0,OPTIMAL,282.65975958997007,282.66042499324533,arm_j1,OPTIMAL,75.60596888937604,FL_foot:normal_lower;RL_foot:normal_lower,FL_foot;RL_foot,7.075863345126318,0.11056036476759872,92.92413665487368,0.0
high120,pitch-8,0.0,-8.0,press_down,0.0,0.0,-1.0,OPTIMAL,216.94436515000012,202.40951193770601,arm_j2,OPTIMAL,146.69599454156636,FL_foot:normal_lower;FR_foot:normal_lower,FL_foot;FR_foot,3.291916757391464,0.05143619933424162,96.70808324260854,0.0
high120,pitch-8,0.0,-8.0,opening_normal_tangent,1.0,0.0,0.0,OPTIMAL,269.73947257898453,251.6674491973845,arm_j2,OPTIMAL,105.06367129067002,FL_foot:normal_lower;FR_foot:normal_lower,FL_foot;FR_foot,1.8784274592638828,0.02935042905099817,98.12157254073611,0.0
high120,pitch-8,0.0,-8.0,closing_normal_tangent,-1.0,-0.0,-0.0,OPTIMAL,233.5954258157845,251.6674491973845,arm_j2,OPTIMAL,88.55448477858039,RL_foot:normal_lower;RR_foot:normal_lower,RL_foot;RR_foot,15.127909271945565,0.11818679118707473,84.87209072805443,0.0
high120,pitch-8,0.0,-8.0,handle_axis,0.0,1.0,0.0,OPTIMAL,183.64157244423208,183.6411421609996,arm_j1,OPTIMAL,75.60596229794554,"FL_foot:friction(1,1);FL_foot:friction(-1,-1);RL_foot:normal_lower",FL_foot;RL_foot,10.890571405417273,0.17016517820964489,89.10942859458272,0.0
left105,neutral,0.0,0.0,press_down,0.0,0.0,-1.0,OPTIMAL,253.60911563889408,241.28237425232317,arm_j2,OPTIMAL,155.28317988646108,FL_foot:normal_lower;FR_foot:normal_lower,FL_foot;FR_foot,3.1801985690859977,0.04854140801061267,96.819801430914,0.0
left105,neutral,0.0,0.0,opening_normal_tangent,1.0,0.0,0.0,OPTIMAL,447.9026075884118,426.13217715177666,arm_j2,OPTIMAL,119.70706393071177,FL_foot:normal_lower;FR_foot:normal_lower,FL_foot;FR_foot,5.38567017668951,0.0841510965107736,94.61432982331048,0.0
left105,neutral,0.0,0.0,closing_normal_tangent,-1.0,-0.0,-0.0,OPTIMAL,404.3617467151415,426.13217715177666,arm_j2,OPTIMAL,101.57082871980197,RL_foot:normal_lower;RR_foot:normal_lower,RL_foot;RR_foot,9.802223975627555,0.07657987480959028,90.19777602437244,0.0
left105,neutral,0.0,0.0,handle_axis,0.0,-1.0,0.0,OPTIMAL,246.91358024704974,246.91358024704974,arm_j1,OPTIMAL,88.50528202216647,FR_foot:normal_lower;RR_foot:normal_lower,FR_foot;RR_foot,8.099999999995532,0.1265624999999302,91.90000000000447,0.0
left105,roll+8,8.0,0.0,press_down,0.0,0.0,-1.0,OPTIMAL,250.16450313782127,238.06187456149817,arm_j3,OPTIMAL,154.97012678849714,FL_foot:normal_lower;FR_foot:normal_lower,FL_foot;FR_foot,3.5143608545780634,0.05183376326942053,96.48563914542194,0.0
left105,roll+8,8.0,0.0,opening_normal_tangent,1.0,0.0,0.0,OPTIMAL,385.7260411895985,368.50345294737133,arm_j2,OPTIMAL,119.46573278826415,FL_foot:normal_lower;FR_foot:normal_lower,FL_foot;FR_foot,5.2418918479285965,0.08190456012388432,94.7581081520714,0.0
left105,roll+8,8.0,0.0,closing_normal_tangent,-1.0,-0.0,-0.0,OPTIMAL,351.28086470514415,368.50345294737133,arm_j2,OPTIMAL,101.81215986227167,RL_foot:normal_lower;RR_foot:normal_lower,RL_foot;RR_foot,10.101014778698211,0.07891417795857977,89.89898522130179,0.0
left105,roll+8,8.0,0.0,handle_axis,0.0,-1.0,0.0,OPTIMAL,250.8931813388476,249.34014136262712,arm_j1,OPTIMAL,90.31729069334173,FR_foot:normal_lower;RR_foot:normal_lower,FR_foot;RR_foot,7.398311368144783,0.11559861512726223,92.60168863185521,0.0
left105,roll-8,-8.0,0.0,press_down,0.0,0.0,-1.0,OPTIMAL,258.3019902502086,244.99696727207123,arm_j2,OPTIMAL,155.7438535619687,FL_foot:normal_lower;FR_foot:normal_lower,FL_foot;FR_foot,2.779806340125557,0.043434474064461825,97.22019365987444,0.0
left105,roll-8,-8.0,0.0,opening_normal_tangent,1.0,0.0,0.0,OPTIMAL,520.9076793517198,517.2351882050484,arm_j1,OPTIMAL,120.06219507352415,FL_foot:normal_lower;FR_foot:normal_lower,FL_foot;FR_foot,5.455238259897929,0.08523809781090515,94.54476174010208,0.0
left105,roll-8,-8.0,0.0,closing_normal_tangent,-1.0,-0.0,-0.0,OPTIMAL,509.2630413824784,517.2351882050484,arm_j2,OPTIMAL,101.21569757701742,RL_foot:normal_lower;RR_foot:normal_lower,RL_foot;RR_foot,9.144656030100826,0.0715115062937495,90.85534396989917,0.0
left105,roll-8,-8.0,0.0,handle_axis,0.0,-1.0,0.0,OPTIMAL,247.56976787964015,249.34014136262329,arm_j1,OPTIMAL,86.92521052354739,FR_foot:normal_lower;RR_foot:normal_lower,FR_foot;RR_foot,8.7311948104344,0.1364249189130375,91.2688051895656,0.0
left105,pitch+8,0.0,8.0,press_down,0.0,0.0,-1.0,OPTIMAL,270.027880508578,257.36917510393033,arm_j3,OPTIMAL,157.18333958587374,FL_foot:normal_lower;FR_foot:normal_lower,FL_foot;FR_foot,3.154034270274483,0.04456933430588925,96.84596572972552,0.0
left105,pitch+8,0.0,8.0,opening_normal_tangent,1.0,0.0,0.0,OPTIMAL,484.5592373212008,465.48154269916347,arm_j2,OPTIMAL,121.17188799465914,FL_foot:normal_lower;FR_foot:normal_lower,FL_foot;FR_foot,5.110396740926209,0.07984994907697202,94.8896032590738,0.0
left105,pitch+8,0.0,8.0,closing_normal_tangent,-1.0,-0.0,-0.0,OPTIMAL,446.40384807712616,465.48154269916347,arm_j2,OPTIMAL,100.10600465586411,RL_foot:normal_lower;RR_foot:normal_lower,RL_foot;RR_foot,8.39511152159536,0.07385320660804559,91.60488847840463,0.0
left105,pitch+8,0.0,8.0,handle_axis,0.0,-1.0,0.0,OPTIMAL,306.90585191204786,307.55607587211813,arm_j1,OPTIMAL,88.0986960586259,"FR_foot:friction(1,1);FR_foot:friction(-1,-1);RR_foot:normal_lower",FR_foot;RR_foot,6.714295564317408,0.1049108681924595,93.28570443568259,0.0
left105,pitch-8,0.0,-8.0,press_down,0.0,0.0,-1.0,OPTIMAL,232.45999044010796,219.09415092508928,arm_j2,OPTIMAL,153.9099455925767,FL_foot:normal_lower;FR_foot:normal_lower,FL_foot;FR_foot,3.2042748465383575,0.050066794477161836,96.79572515346165,0.0
left105,pitch-8,0.0,-8.0,opening_normal_tangent,1.0,0.0,0.0,OPTIMAL,449.8350731751312,423.97073675791637,arm_j2,OPTIMAL,118.6484441528145,FL_foot:normal_lower;FR_foot:normal_lower,FL_foot;FR_foot,5.582431130698867,0.0872254864171698,94.41756886930114,0.0
left105,pitch-8,0.0,-8.0,closing_normal_tangent,-1.0,-0.0,-0.0,OPTIMAL,398.10640034070155,423.97073675791637,arm_j2,OPTIMAL,102.6294484977622,RL_foot:normal_lower;RR_foot:normal_lower,RL_foot;RR_foot,10.817807089219682,0.08451411788452877,89.18219291078032,0.0
left105,pitch-8,0.0,-8.0,handle_axis,0.0,-1.0,0.0,OPTIMAL,211.55920353488443,210.90331455862406,arm_j1,OPTIMAL,88.7800946118967,"RR_foot:friction(1,1);RR_foot:friction(-1,-1);FR_foot:normal_lower",FR_foot;RR_foot,9.172027980794306,0.14331293719991103,90.82797201920569,0.0
open30,pitch+8,0.0,8.0,press_down,0.0,0.0,-1.0,OPTIMAL,251.90519354831758,239.69938269739154,arm_j3,OPTIMAL,157.11928083269015,FL_foot:normal_lower;FR_foot:normal_lower,FL_foot;FR_foot,3.6020013535824678,0.0508070584428776,96.39799864641753,0.0
open30,pitch+8,0.0,8.0,opening_normal_tangent,0.8660254037844387,0.49999999999999994,0.0,OPTIMAL,381.56483716201865,366.6036412201455,arm_j2,OPTIMAL,133.18216277365764,"FL_foot:friction(1,1);FL_foot:friction(-1,1);RL_foot:friction(-1,1);RL_foot:friction(-1,-1);FR_foot:friction(1,1);FR_foot:friction(-1,1);FL_foot:normal_lower",FL_foot,4.9612392332151,0.07751936301898593,95.0387607667849,0.0
open30,pitch+8,0.0,8.0,closing_normal_tangent,-0.8660254037844387,-0.49999999999999994,-0.0,OPTIMAL,351.64244527827236,366.6036412201455,arm_j2,OPTIMAL,108.71294717087059,"RL_foot:friction(1,1);RL_foot:friction(-1,1);FR_foot:friction(-1,1);FR_foot:friction(-1,-1);RR_foot:friction(1,1);RR_foot:friction(-1,1);RR_foot:normal_lower",RR_foot,9.536510828292332,0.08160978650117665,90.46348917170766,0.0
open30,pitch+8,0.0,8.0,handle_axis,-0.49999999999999994,0.8660254037844387,0.0,OPTIMAL,292.8943019348955,293.2559814976327,arm_j1,OPTIMAL,92.69588812682771,"FL_foot:friction(-1,1);FL_foot:friction(-1,-1);RL_foot:friction(1,-1);RL_foot:friction(-1,-1);RR_foot:friction(1,-1);RR_foot:friction(-1,-1);RL_foot:normal_lower",RL_foot,6.943312616762977,0.10848925963692152,93.05668738323702,0.0
