workpoint,pose,direction,arm_PD_status,arm_PD_force_N,arm_PD_limiter,whole_PD_status,whole_PD_force_N,whole_PD_limiter,target_at20N_within_limits,target_limit_excess_at20N_rad
low90,neutral,press_down,OPTIMAL,132.22142183439112,arm_j3,OPTIMAL,132.22142183439112,arm_j3:upper,True,0.0
low90,neutral,opening_normal_tangent,OPTIMAL,685.4934570937949,arm_j3,OPTIMAL,138.95277051850525,FL_foot:normal_lower;FR_foot:normal_lower,True,0.0
low90,neutral,closing_normal_tangent,OPTIMAL,314.30358280606674,arm_j3,OPTIMAL,119.20477090712471,RL_foot:normal_lower;RR_foot:normal_lower,True,0.0
low90,neutral,handle_axis,OPTIMAL,281.6901408450703,arm_j1,OPTIMAL,100.60033145283975,"FL_foot:friction(1,1);FL_foot:friction(-1,1);RL_foot:friction(-1,1);RL_foot:friction(-1,-1);FR_foot:friction(1,1);FR_foot:friction(-1,1);FL_foot:normal_lower",True,0.0
low90,roll+8,press_down,OPTIMAL,157.76656852301878,arm_j3,OPTIMAL,157.76656852301878,arm_j3:upper,True,0.0
low90,roll+8,opening_normal_tangent,OPTIMAL,583.4192331628306,arm_j1,OPTIMAL,139.32428044707817,FL_foot:normal_lower;FR_foot:normal_lower,True,0.0
low90,roll+8,closing_normal_tangent,OPTIMAL,382.9976058709843,arm_j3,OPTIMAL,118.83326097854186,RL_foot:normal_lower;RR_foot:normal_lower,True,0.0
low90,roll+8,handle_axis,OPTIMAL,282.7053660692758,arm_j1,OPTIMAL,100.02425912831094,"FL_foot:friction(1,1);FL_foot:friction(-1,1);RL_foot:friction(-1,1);RL_foot:friction(-1,-1);FR_foot:friction(1,1);FR_foot:friction(-1,1);FL_foot:normal_lower",True,0.0
low90,roll-8,press_down,OPTIMAL,114.46573048305466,arm_j3,OPTIMAL,114.46573048305466,arm_j3:upper,True,0.0
low90,roll-8,opening_normal_tangent,OPTIMAL,649.9490856744147,arm_j3,OPTIMAL,138.62404936587106,FL_foot:normal_lower;FR_foot:normal_lower,True,0.0
low90,roll-8,closing_normal_tangent,OPTIMAL,272.2306762747037,arm_j3,OPTIMAL,119.53349205975921,RL_foot:normal_lower;RR_foot:normal_lower,True,0.0
low90,roll-8,handle_axis,OPTIMAL,285.9620873013478,arm_j1,OPTIMAL,101.28392450370903,"FL_foot:friction(1,1);FL_foot:friction(-1,1);RL_foot:friction(-1,1);RL_foot:friction(-1,-1);FR_foot:friction(1,1);FR_foot:friction(-1,1);FL_foot:normal_lower",True,0.0
low90,pitch+8,press_down,OPTIMAL,123.96466911963374,arm_j3,OPTIMAL,123.96466911963374,arm_j3:upper,True,0.0
low90,pitch+8,opening_normal_tangent,OPTIMAL,808.2465829342221,arm_j3,OPTIMAL,140.58466357879095,FL_foot:normal_lower;FR_foot:normal_lower,True,0.0
low90,pitch+8,closing_normal_tangent,OPTIMAL,344.5165015169496,arm_j3,OPTIMAL,117.57287784681621,RL_foot:normal_lower;RR_foot:normal_lower,True,0.0
low90,pitch+8,handle_axis,OPTIMAL,336.5266301463767,arm_j1,OPTIMAL,101.03534724800592,"FL_foot:friction(1,1);FL_foot:friction(-1,1);FL_foot:friction(-1,-1);RL_foot:friction(-1,1);RL_foot:friction(-1,-1);FR_foot:friction(1,1);FR_foot:friction(-1,1)",True,0.0
low90,pitch-8,press_down,OPTIMAL,150.78748151382436,arm_j3,OPTIMAL,150.78748151382436,arm_j3:upper,True,0.0
low90,pitch-8,opening_normal_tangent,OPTIMAL,627.6884759402283,arm_j3,OPTIMAL,137.74968088324343,FL_foot:normal_lower;FR_foot:normal_lower,True,0.0
low90,pitch-8,closing_normal_tangent,OPTIMAL,327.9756673164541,arm_j3,OPTIMAL,120.407860542437,RL_foot:normal_lower;RR_foot:normal_lower,True,0.0
low90,pitch-8,handle_axis,OPTIMAL,248.51310960653404,arm_j1,OPTIMAL,100.26324759873904,"FL_foot:friction(1,1);FL_foot:friction(-1,1);FL_foot:friction(-1,-1);RL_foot:friction(-1,1);RL_foot:friction(-1,-1);FR_foot:friction(1,1);FR_foot:friction(-1,1)",True,0.0
mid105,neutral,press_down,OPTIMAL,202.26226850127173,arm_j3,OPTIMAL,155.26621252202938,FL_foot:normal_lower;FR_foot:normal_lower,True,0.0
mid105,neutral,opening_normal_tangent,OPTIMAL,447.8845533509751,arm_j2,OPTIMAL,119.69398387031568,FL_foot:normal_lower;FR_foot:normal_lower,True,0.0
mid105,neutral,closing_normal_tangent,OPTIMAL,404.37295105242026,arm_j2,OPTIMAL,101.58390878022519,RL_foot:normal_lower;RR_foot:normal_lower,True,0.0
mid105,neutral,handle_axis,OPTIMAL,246.91358024691513,arm_j1,OPTIMAL,88.27655522700886,FL_foot:normal_lower;RL_foot:normal_lower,True,0.0
mid105,roll+8,press_down,OPTIMAL,228.21166247864133,arm_j3,OPTIMAL,155.72027975799162,FL_foot:normal_lower;FR_foot:normal_lower,True,0.0
mid105,roll+8,opening_normal_tangent,OPTIMAL,520.8939362758413,arm_j1,OPTIMAL,120.04402214029423,FL_foot:normal_lower;FR_foot:normal_lower,True,0.0
mid105,roll+8,closing_normal_tangent,OPTIMAL,509.2724468013262,arm_j2,OPTIMAL,101.23387051024707,RL_foot:normal_lower;RR_foot:normal_lower,True,0.0
mid105,roll+8,handle_axis,OPTIMAL,247.576392913205,arm_j1,OPTIMAL,86.69788295856377,FL_foot:normal_lower;RL_foot:normal_lower,True,0.0
mid105,roll-8,press_down,OPTIMAL,189.4471719306967,arm_j3,OPTIMAL,154.9631737862206,FL_foot:normal_lower;FR_foot:normal_lower,True,0.0
mid105,roll-8,opening_normal_tangent,OPTIMAL,385.7150923734297,arm_j2,OPTIMAL,119.46037275191823,FL_foot:normal_lower;FR_foot:normal_lower,True,0.0
mid105,roll-8,closing_normal_tangent,OPTIMAL,351.289495970058,arm_j2,OPTIMAL,101.81751989861519,RL_foot:normal_lower;RR_foot:normal_lower,True,0.0
mid105,roll-8,handle_axis,OPTIMAL,250.89123177896113,arm_j1,OPTIMAL,90.0872734331452,FL_foot:normal_lower;RL_foot:normal_lower,True,0.0
mid105,pitch+8,press_down,OPTIMAL,207.96147714909694,arm_j4,OPTIMAL,157.16079622792753,FL_foot:normal_lower;FR_foot:normal_lower,True,0.0
mid105,pitch+8,opening_normal_tangent,OPTIMAL,484.54538244477123,arm_j2,OPTIMAL,121.15450942736759,FL_foot:normal_lower;FR_foot:normal_lower,True,0.0
mid105,pitch+8,closing_normal_tangent,OPTIMAL,446.40366090411516,arm_j2,OPTIMAL,100.12338322315539,RL_foot:normal_lower;RR_foot:normal_lower,True,0.0
mid105,pitch+8,handle_axis,OPTIMAL,306.8969186034522,arm_j1,OPTIMAL,87.87183920086557,FL_foot:normal_lower;RL_foot:normal_lower,True,0.0
mid105,pitch-8,press_down,OPTIMAL,210.80311765221666,arm_j3,OPTIMAL,153.89649837582166,FL_foot:normal_lower;FR_foot:normal_lower,True,0.0
mid105,pitch-8,opening_normal_tangent,OPTIMAL,449.8147389520446,arm_j2,OPTIMAL,118.63807775745254,FL_foot:normal_lower;FR_foot:normal_lower,True,0.0
mid105,pitch-8,closing_normal_tangent,OPTIMAL,398.1220840918599,arm_j2,OPTIMAL,102.63981489312421,RL_foot:normal_lower;RR_foot:normal_lower,True,0.0
mid105,pitch-8,handle_axis,OPTIMAL,211.5639084479435,arm_j1,OPTIMAL,88.5486270350358,"FL_foot:friction(1,1);FL_foot:friction(-1,-1);RL_foot:normal_lower",True,0.0
far90,neutral,press_down,OPTIMAL,193.1746845837273,arm_j2,OPTIMAL,135.3024889928111,FL_foot:normal_lower;FR_foot:normal_lower,True,0.0
far90,neutral,opening_normal_tangent,OPTIMAL,833.3333333333336,arm_j1,OPTIMAL,144.2384667102919,FL_foot:normal_lower;FR_foot:normal_lower,True,0.0
far90,neutral,closing_normal_tangent,OPTIMAL,828.8196398506025,arm_j2,OPTIMAL,113.91907471533837,RL_foot:normal_lower;RR_foot:normal_lower,True,0.0
far90,neutral,handle_axis,OPTIMAL,180.18018018018023,arm_j1,OPTIMAL,89.24689251743655,"FL_foot:friction(1,1);FL_foot:friction(1,-1);FL_foot:friction(-1,1);RL_foot:friction(-1,1);RL_foot:friction(-1,-1);FR_foot:friction(1,1);FR_foot:friction(-1,1)",True,0.0
far90,roll+8,press_down,OPTIMAL,193.4072273659162,arm_j2,OPTIMAL,135.45426189701743,FL_foot:normal_lower;FR_foot:normal_lower,True,0.0
far90,roll+8,opening_normal_tangent,OPTIMAL,587.1058702196112,arm_j1,OPTIMAL,144.40026337163832,FL_foot:normal_lower;FR_foot:normal_lower,True,0.0
far90,roll+8,closing_normal_tangent,OPTIMAL,572.5854693199909,arm_j1,OPTIMAL,113.75727805399215,RL_foot:normal_lower;RR_foot:normal_lower,True,0.0
far90,roll+8,handle_axis,OPTIMAL,179.67272137867107,arm_j1,OPTIMAL,88.67718350989917,"FL_foot:friction(1,1);FL_foot:friction(-1,1);RL_foot:friction(-1,1);RL_foot:friction(-1,-1);FR_foot:friction(1,1);FR_foot:friction(-1,1);FL_foot:normal_lower",True,0.0
far90,roll-8,press_down,OPTIMAL,196.00137721046568,arm_j2,OPTIMAL,135.22503439870562,FL_foot:normal_lower;FR_foot:normal_lower,True,0.0
far90,roll-8,opening_normal_tangent,OPTIMAL,864.2876681852055,arm_j2,OPTIMAL,144.15589667017335,FL_foot:normal_lower;FR_foot:normal_lower,True,0.0
far90,roll-8,closing_normal_tangent,OPTIMAL,723.0225061560183,arm_j2,OPTIMAL,114.00164475457629,RL_foot:normal_lower;RR_foot:normal_lower,True,0.0
far90,roll-8,handle_axis,OPTIMAL,184.17341691122868,arm_j1,OPTIMAL,89.86961506621712,"FL_foot:friction(1,1);FL_foot:friction(-1,1);RL_foot:friction(-1,1);RL_foot:friction(-1,-1);FR_foot:friction(1,1);FR_foot:friction(-1,1);FL_foot:normal_lower",True,0.0
far90,pitch+8,press_down,OPTIMAL,205.20832772581076,arm_j2,OPTIMAL,136.67939575927736,FL_foot:normal_lower;FR_foot:normal_lower,True,0.0
far90,pitch+8,opening_normal_tangent,OPTIMAL,844.2416453218608,arm_j1,OPTIMAL,145.70631051920424,FL_foot:normal_lower;FR_foot:normal_lower,True,0.0
far90,pitch+8,closing_normal_tangent,OPTIMAL,745.3328958709428,arm_j2,OPTIMAL,112.45123090640402,RL_foot:normal_lower;RR_foot:normal_lower,True,0.0
far90,pitch+8,handle_axis,OPTIMAL,201.54664295996582,arm_j1,OPTIMAL,89.70647850279629,"FL_foot:friction(1,1);FL_foot:friction(-1,1);RL_foot:friction(-1,1);RL_foot:friction(-1,-1);FR_foot:friction(1,1);FR_foot:friction(-1,1);FL_foot:normal_lower",True,0.0
far90,pitch-8,press_down,OPTIMAL,180.19472338055158,arm_j2,OPTIMAL,134.178985394013,FL_foot:normal_lower;FR_foot:normal_lower,True,0.0
far90,pitch-8,opening_normal_tangent,OPTIMAL,837.5081665489693,arm_j3,OPTIMAL,143.04076194047985,FL_foot:normal_lower;FR_foot:normal_lower,True,0.0
far90,pitch-8,closing_normal_tangent,OPTIMAL,844.5763938120439,arm_j1,OPTIMAL,115.11677948519835,RL_foot:normal_lower;RR_foot:normal_lower,True,0.0
far90,pitch-8,handle_axis,OPTIMAL,166.76689195443043,arm_j1,OPTIMAL,88.8608945746185,"FL_foot:friction(1,1);FL_foot:friction(-1,1);RL_foot:friction(-1,1);RL_foot:friction(-1,-1);FR_foot:friction(1,1);FR_foot:friction(-1,1);FL_foot:normal_lower",True,0.0
high120,neutral,press_down,OPTIMAL,233.33933938286503,arm_j2,OPTIMAL,147.90307615996826,FL_foot:normal_lower;FR_foot:normal_lower,True,0.0
high120,neutral,opening_normal_tangent,OPTIMAL,255.892749915717,arm_j2,OPTIMAL,105.92818314576928,FL_foot:normal_lower;FR_foot:normal_lower,True,0.0
high120,neutral,closing_normal_tangent,OPTIMAL,226.15339769906763,arm_j2,OPTIMAL,87.68997292345344,RL_foot:normal_lower;RR_foot:normal_lower,True,0.0
high120,neutral,handle_axis,OPTIMAL,219.78021978021974,arm_j1,OPTIMAL,75.60596471919669,FL_foot:normal_lower;RL_foot:normal_lower,True,0.0
high120,roll+8,press_down,OPTIMAL,241.7834466349509,arm_j2,OPTIMAL,148.04767122232235,FL_foot:normal_lower;FR_foot:normal_lower,True,0.0
high120,roll+8,opening_normal_tangent,OPTIMAL,274.48646376454576,arm_j2,OPTIMAL,106.0317421294274,FL_foot:normal_lower;FR_foot:normal_lower,True,0.0
high120,roll+8,closing_normal_tangent,OPTIMAL,243.29776427626945,arm_j2,OPTIMAL,87.58641393982333,RL_foot:normal_lower;RR_foot:normal_lower,True,0.0
high120,roll+8,handle_axis,OPTIMAL,220.00205077704564,arm_j1,OPTIMAL,74.19052035582138,FL_foot:normal_lower;RL_foot:normal_lower,True,0.0
high120,roll-8,press_down,OPTIMAL,241.8023752425301,arm_j2,OPTIMAL,148.05880321563507,FL_foot:normal_lower;FR_foot:normal_lower,True,0.0
high120,roll-8,opening_normal_tangent,OPTIMAL,274.5084539568387,arm_j2,OPTIMAL,106.03971486303794,FL_foot:normal_lower;FR_foot:normal_lower,True,0.0
high120,roll-8,closing_normal_tangent,OPTIMAL,243.2788134685685,arm_j2,OPTIMAL,87.57844120618482,RL_foot:normal_lower;RR_foot:normal_lower,True,0.0
high120,roll-8,handle_axis,OPTIMAL,223.88115910151615,arm_j1,OPTIMAL,77.02355367708422,FL_foot:normal_lower;RL_foot:normal_lower,True,0.0
high120,pitch+8,press_down,OPTIMAL,237.26678359693162,arm_j5,OPTIMAL,149.53658387742058,FL_foot:normal_lower;FR_foot:normal_lower,True,0.0
high120,pitch+8,opening_normal_tangent,OPTIMAL,240.63259337975256,arm_j2,OPTIMAL,107.09810137301037,FL_foot:normal_lower;FR_foot:normal_lower,True,0.0
high120,pitch+8,closing_normal_tangent,OPTIMAL,216.29098523493695,arm_j2,OPTIMAL,86.5200546961994,RL_foot:normal_lower;RR_foot:normal_lower,True,0.0
high120,pitch+8,handle_axis,OPTIMAL,282.65975958997007,arm_j1,OPTIMAL,75.60596888937604,FL_foot:normal_lower;RL_foot:normal_lower,True,0.0
high120,pitch-8,press_down,OPTIMAL,216.94436515000012,arm_j2,OPTIMAL,146.69599454156636,FL_foot:normal_lower;FR_foot:normal_lower,True,0.0
high120,pitch-8,opening_normal_tangent,OPTIMAL,269.73947257898453,arm_j2,OPTIMAL,105.06367129067002,FL_foot:normal_lower;FR_foot:normal_lower,True,0.0
high120,pitch-8,closing_normal_tangent,OPTIMAL,233.5954258157845,arm_j2,OPTIMAL,88.55448477858039,RL_foot:normal_lower;RR_foot:normal_lower,True,0.0
high120,pitch-8,handle_axis,OPTIMAL,183.64157244423208,arm_j1,OPTIMAL,75.60596229794554,"FL_foot:friction(1,1);FL_foot:friction(-1,-1);RL_foot:normal_lower",True,0.0
left105,neutral,press_down,OPTIMAL,202.2713883045449,arm_j3,OPTIMAL,155.28317988646108,FL_foot:normal_lower;FR_foot:normal_lower,True,0.0
left105,neutral,opening_normal_tangent,OPTIMAL,447.9026075884118,arm_j2,OPTIMAL,119.70706393071177,FL_foot:normal_lower;FR_foot:normal_lower,True,0.0
left105,neutral,closing_normal_tangent,OPTIMAL,404.3617467151415,arm_j2,OPTIMAL,101.57082871980197,RL_foot:normal_lower;RR_foot:normal_lower,True,0.0
left105,neutral,handle_axis,OPTIMAL,246.91358024704974,arm_j1,OPTIMAL,88.50528202216647,FR_foot:normal_lower;RR_foot:normal_lower,True,0.0
left105,roll+8,press_down,OPTIMAL,189.4537839088633,arm_j3,OPTIMAL,154.97012678849714,FL_foot:normal_lower;FR_foot:normal_lower,True,0.0
left105,roll+8,opening_normal_tangent,OPTIMAL,385.7260411895985,arm_j2,OPTIMAL,119.46573278826415,FL_foot:normal_lower;FR_foot:normal_lower,True,0.0
left105,roll+8,closing_normal_tangent,OPTIMAL,351.28086470514415,arm_j2,OPTIMAL,101.81215986227167,RL_foot:normal_lower;RR_foot:normal_lower,True,0.0
left105,roll+8,handle_axis,OPTIMAL,250.8931813388476,arm_j1,OPTIMAL,90.31729069334173,FR_foot:normal_lower;RR_foot:normal_lower,True,0.0
left105,roll-8,press_down,OPTIMAL,228.2205918168423,arm_j3,OPTIMAL,155.7438535619687,FL_foot:normal_lower;FR_foot:normal_lower,True,0.0
left105,roll-8,opening_normal_tangent,OPTIMAL,520.9076793517198,arm_j1,OPTIMAL,120.06219507352415,FL_foot:normal_lower;FR_foot:normal_lower,True,0.0
left105,roll-8,closing_normal_tangent,OPTIMAL,509.2630413824784,arm_j2,OPTIMAL,101.21569757701742,RL_foot:normal_lower;RR_foot:normal_lower,True,0.0
left105,roll-8,handle_axis,OPTIMAL,247.56976787964015,arm_j1,OPTIMAL,86.92521052354739,FR_foot:normal_lower;RR_foot:normal_lower,True,0.0
left105,pitch+8,press_down,OPTIMAL,207.93873828354538,arm_j4,OPTIMAL,157.18333958587374,FL_foot:normal_lower;FR_foot:normal_lower,True,0.0
left105,pitch+8,opening_normal_tangent,OPTIMAL,484.5592373212008,arm_j2,OPTIMAL,121.17188799465914,FL_foot:normal_lower;FR_foot:normal_lower,True,0.0
left105,pitch+8,closing_normal_tangent,OPTIMAL,446.40384807712616,arm_j2,OPTIMAL,100.10600465586411,RL_foot:normal_lower;RR_foot:normal_lower,True,0.0
left105,pitch+8,handle_axis,OPTIMAL,306.90585191204786,arm_j1,OPTIMAL,88.0986960586259,"FR_foot:friction(1,1);FR_foot:friction(-1,-1);RR_foot:normal_lower",True,0.0
left105,pitch-8,press_down,OPTIMAL,210.81389342455628,arm_j3,OPTIMAL,153.9099455925767,FL_foot:normal_lower;FR_foot:normal_lower,True,0.0
left105,pitch-8,opening_normal_tangent,OPTIMAL,449.8350731751312,arm_j2,OPTIMAL,118.6484441528145,FL_foot:normal_lower;FR_foot:normal_lower,True,0.0
left105,pitch-8,closing_normal_tangent,OPTIMAL,398.10640034070155,arm_j2,OPTIMAL,102.6294484977622,RL_foot:normal_lower;RR_foot:normal_lower,True,0.0
left105,pitch-8,handle_axis,OPTIMAL,211.55920353488443,arm_j1,OPTIMAL,88.7800946118967,"RR_foot:friction(1,1);RR_foot:friction(-1,-1);FR_foot:normal_lower",True,0.0
open30,pitch+8,press_down,OPTIMAL,190.55880369746407,arm_j3,OPTIMAL,157.11928083269015,FL_foot:normal_lower;FR_foot:normal_lower,True,0.0
open30,pitch+8,opening_normal_tangent,OPTIMAL,381.56483716201865,arm_j2,OPTIMAL,133.18216277365764,"FL_foot:friction(1,1);FL_foot:friction(-1,1);RL_foot:friction(-1,1);RL_foot:friction(-1,-1);FR_foot:friction(1,1);FR_foot:friction(-1,1);FL_foot:normal_lower",True,0.0
open30,pitch+8,closing_normal_tangent,OPTIMAL,351.64244527827236,arm_j2,OPTIMAL,108.71294717087059,"RL_foot:friction(1,1);RL_foot:friction(-1,1);FR_foot:friction(-1,1);FR_foot:friction(-1,-1);RR_foot:friction(1,1);RR_foot:friction(-1,1);RR_foot:normal_lower",True,0.0
open30,pitch+8,handle_axis,OPTIMAL,292.8943019348955,arm_j1,OPTIMAL,92.69588812682771,"FL_foot:friction(-1,1);FL_foot:friction(-1,-1);RL_foot:friction(1,-1);RL_foot:friction(-1,-1);RR_foot:friction(1,-1);RR_foot:friction(-1,-1);RL_foot:normal_lower",True,0.0
