workpoint,pose,direction,kind,parameter,force_N,status,grip_only_force_N
low90,neutral,press_down,ground_mu,0.3,164.67066979176076,OPTIMAL,
low90,neutral,press_down,ground_mu,1.0,164.67066979176076,OPTIMAL,
low90,neutral,press_down,arm_sim_cap_scale,0.1,40.31012942715261,OPTIMAL,
low90,neutral,press_down,arm_sim_cap_scale,0.2,67.9568581468984,OPTIMAL,
low90,neutral,press_down,pinch_mu_two45N,0.2,90.0,OPTIMAL,90.0
low90,neutral,press_down,pinch_mu_two45N,0.4,90.0,OPTIMAL,90.0
low90,neutral,press_down,pinch_mu_two45N,0.8,90.0,OPTIMAL,90.0
low90,neutral,press_down,pinch_mu_PD_q014,0.2,36.4,OPTIMAL,36.4
low90,neutral,press_down,pinch_mu_PD_q014,0.4,36.4,OPTIMAL,36.4
low90,neutral,press_down,pinch_mu_PD_q014,0.8,36.4,OPTIMAL,36.4
low90,neutral,opening_normal_tangent,ground_mu,0.3,107.66175158626915,OPTIMAL,
low90,neutral,opening_normal_tangent,ground_mu,1.0,138.95277051850525,OPTIMAL,
low90,neutral,opening_normal_tangent,arm_sim_cap_scale,0.1,43.25815207806105,OPTIMAL,
low90,neutral,opening_normal_tangent,arm_sim_cap_scale,0.2,114.61763041314259,OPTIMAL,
low90,neutral,opening_normal_tangent,pinch_mu_two45N,0.2,18.0,OPTIMAL,18.0
low90,neutral,opening_normal_tangent,pinch_mu_two45N,0.4,36.0,OPTIMAL,36.0
low90,neutral,opening_normal_tangent,pinch_mu_two45N,0.8,72.0,OPTIMAL,72.0
low90,neutral,opening_normal_tangent,pinch_mu_PD_q014,0.2,7.28,OPTIMAL,7.28
low90,neutral,opening_normal_tangent,pinch_mu_PD_q014,0.4,14.56,OPTIMAL,14.56
low90,neutral,opening_normal_tangent,pinch_mu_PD_q014,0.8,29.12,OPTIMAL,29.12
low90,neutral,closing_normal_tangent,ground_mu,0.3,101.24773775215564,OPTIMAL,
low90,neutral,closing_normal_tangent,ground_mu,1.0,119.20477090712471,OPTIMAL,
low90,neutral,closing_normal_tangent,arm_sim_cap_scale,0.1,56.78076638239462,OPTIMAL,
low90,neutral,closing_normal_tangent,arm_sim_cap_scale,0.2,119.20477090712471,OPTIMAL,
low90,neutral,closing_normal_tangent,pinch_mu_two45N,0.2,18.0,OPTIMAL,18.0
low90,neutral,closing_normal_tangent,pinch_mu_two45N,0.4,36.0,OPTIMAL,36.0
low90,neutral,closing_normal_tangent,pinch_mu_two45N,0.8,72.0,OPTIMAL,72.0
low90,neutral,closing_normal_tangent,pinch_mu_PD_q014,0.2,7.28,OPTIMAL,7.28
low90,neutral,closing_normal_tangent,pinch_mu_PD_q014,0.4,14.56,OPTIMAL,14.56
low90,neutral,closing_normal_tangent,pinch_mu_PD_q014,0.8,29.12,OPTIMAL,29.12
low90,neutral,handle_axis,ground_mu,0.3,63.492818767037456,OPTIMAL,
low90,neutral,handle_axis,ground_mu,1.0,103.12888633904666,OPTIMAL,
low90,neutral,handle_axis,arm_sim_cap_scale,0.1,28.169014084507026,OPTIMAL,
low90,neutral,handle_axis,arm_sim_cap_scale,0.2,56.33802816901405,OPTIMAL,
low90,neutral,handle_axis,pinch_mu_two45N,0.2,18.0,OPTIMAL,18.0
low90,neutral,handle_axis,pinch_mu_two45N,0.4,36.0,OPTIMAL,36.0
low90,neutral,handle_axis,pinch_mu_two45N,0.8,72.0,OPTIMAL,72.0
low90,neutral,handle_axis,pinch_mu_PD_q014,0.2,7.28,OPTIMAL,7.28
low90,neutral,handle_axis,pinch_mu_PD_q014,0.4,14.56,OPTIMAL,14.56
low90,neutral,handle_axis,pinch_mu_PD_q014,0.8,29.12,OPTIMAL,29.12
low90,roll+8,press_down,ground_mu,0.3,165.11094016956133,OPTIMAL,
low90,roll+8,press_down,ground_mu,1.0,165.11094016956133,OPTIMAL,
low90,roll+8,press_down,arm_sim_cap_scale,0.1,41.370142001254614,OPTIMAL,
low90,roll+8,press_down,arm_sim_cap_scale,0.2,68.95242044895096,OPTIMAL,
low90,roll+8,press_down,pinch_mu_two45N,0.2,90.0,OPTIMAL,90.0
low90,roll+8,press_down,pinch_mu_two45N,0.4,90.0,OPTIMAL,90.0
low90,roll+8,press_down,pinch_mu_two45N,0.8,90.0,OPTIMAL,90.0
low90,roll+8,press_down,pinch_mu_PD_q014,0.2,36.4,OPTIMAL,36.4
low90,roll+8,press_down,pinch_mu_PD_q014,0.4,36.4,OPTIMAL,36.4
low90,roll+8,press_down,pinch_mu_PD_q014,0.8,36.4,OPTIMAL,36.4
low90,roll+8,opening_normal_tangent,ground_mu,0.3,106.84677932523876,OPTIMAL,
low90,roll+8,opening_normal_tangent,ground_mu,1.0,139.32428044707817,OPTIMAL,
low90,roll+8,opening_normal_tangent,arm_sim_cap_scale,0.1,46.93781452010885,OPTIMAL,
low90,roll+8,opening_normal_tangent,arm_sim_cap_scale,0.2,119.54269734696251,OPTIMAL,
low90,roll+8,opening_normal_tangent,pinch_mu_two45N,0.2,18.0,OPTIMAL,18.0
low90,roll+8,opening_normal_tangent,pinch_mu_two45N,0.4,36.0,OPTIMAL,36.0
low90,roll+8,opening_normal_tangent,pinch_mu_two45N,0.8,72.0,OPTIMAL,72.0
low90,roll+8,opening_normal_tangent,pinch_mu_PD_q014,0.2,7.28,OPTIMAL,7.28
low90,roll+8,opening_normal_tangent,pinch_mu_PD_q014,0.4,14.56,OPTIMAL,14.56
low90,roll+8,opening_normal_tangent,pinch_mu_PD_q014,0.8,29.12,OPTIMAL,29.12
low90,roll+8,closing_normal_tangent,ground_mu,0.3,100.27810010127094,OPTIMAL,
low90,roll+8,closing_normal_tangent,ground_mu,1.0,118.83326097854186,OPTIMAL,
low90,roll+8,closing_normal_tangent,arm_sim_cap_scale,0.1,54.411003583988,OPTIMAL,
low90,roll+8,closing_normal_tangent,arm_sim_cap_scale,0.2,112.3955705609715,OPTIMAL,
low90,roll+8,closing_normal_tangent,pinch_mu_two45N,0.2,18.0,OPTIMAL,18.0
low90,roll+8,closing_normal_tangent,pinch_mu_two45N,0.4,36.0,OPTIMAL,36.0
low90,roll+8,closing_normal_tangent,pinch_mu_two45N,0.8,72.0,OPTIMAL,72.0
low90,roll+8,closing_normal_tangent,pinch_mu_PD_q014,0.2,7.28,OPTIMAL,7.28
low90,roll+8,closing_normal_tangent,pinch_mu_PD_q014,0.4,14.56,OPTIMAL,14.56
low90,roll+8,closing_normal_tangent,pinch_mu_PD_q014,0.8,29.12,OPTIMAL,29.12
low90,roll+8,handle_axis,ground_mu,0.3,63.12923690632413,OPTIMAL,
low90,roll+8,handle_axis,ground_mu,1.0,101.37113303753598,OPTIMAL,
low90,roll+8,handle_axis,arm_sim_cap_scale,0.1,26.692742050487386,OPTIMAL,
low90,roll+8,handle_axis,arm_sim_cap_scale,0.2,55.13858916368609,OPTIMAL,
low90,roll+8,handle_axis,pinch_mu_two45N,0.2,18.0,OPTIMAL,18.0
low90,roll+8,handle_axis,pinch_mu_two45N,0.4,36.0,OPTIMAL,36.0
low90,roll+8,handle_axis,pinch_mu_two45N,0.8,72.0,OPTIMAL,72.0
low90,roll+8,handle_axis,pinch_mu_PD_q014,0.2,7.28,OPTIMAL,7.28
low90,roll+8,handle_axis,pinch_mu_PD_q014,0.4,14.56,OPTIMAL,14.56
low90,roll+8,handle_axis,pinch_mu_PD_q014,0.8,29.12,OPTIMAL,29.12
low90,roll-8,press_down,ground_mu,0.3,164.28110769683443,OPTIMAL,
low90,roll-8,press_down,ground_mu,1.0,164.28110769683443,OPTIMAL,
low90,roll-8,press_down,arm_sim_cap_scale,0.1,39.388867446363,OPTIMAL,
low90,roll-8,press_down,arm_sim_cap_scale,0.2,67.28215778675451,OPTIMAL,
low90,roll-8,press_down,pinch_mu_two45N,0.2,90.0,OPTIMAL,90.0
low90,roll-8,press_down,pinch_mu_two45N,0.4,90.0,OPTIMAL,90.0
low90,roll-8,press_down,pinch_mu_two45N,0.8,90.0,OPTIMAL,90.0
low90,roll-8,press_down,pinch_mu_PD_q014,0.2,36.4,OPTIMAL,36.4
low90,roll-8,press_down,pinch_mu_PD_q014,0.4,36.4,OPTIMAL,36.4
low90,roll-8,press_down,pinch_mu_PD_q014,0.8,36.4,OPTIMAL,36.4
low90,roll-8,opening_normal_tangent,ground_mu,0.3,108.5768459348266,OPTIMAL,
low90,roll-8,opening_normal_tangent,ground_mu,1.0,138.62404936587106,OPTIMAL,
low90,roll-8,opening_normal_tangent,arm_sim_cap_scale,0.1,40.32360885273434,OPTIMAL,
low90,roll-8,opening_normal_tangent,arm_sim_cap_scale,0.2,108.05977294403218,OPTIMAL,
low90,roll-8,opening_normal_tangent,pinch_mu_two45N,0.2,18.0,OPTIMAL,18.0
low90,roll-8,opening_normal_tangent,pinch_mu_two45N,0.4,36.0,OPTIMAL,36.0
low90,roll-8,opening_normal_tangent,pinch_mu_two45N,0.8,72.0,OPTIMAL,72.0
low90,roll-8,opening_normal_tangent,pinch_mu_PD_q014,0.2,7.28,OPTIMAL,7.28
low90,roll-8,opening_normal_tangent,pinch_mu_PD_q014,0.4,14.56,OPTIMAL,14.56
low90,roll-8,opening_normal_tangent,pinch_mu_PD_q014,0.8,29.12,OPTIMAL,29.12
low90,roll-8,closing_normal_tangent,ground_mu,0.3,102.296228819722,OPTIMAL,
low90,roll-8,closing_normal_tangent,ground_mu,1.0,119.53349205975921,OPTIMAL,
low90,roll-8,closing_normal_tangent,arm_sim_cap_scale,0.1,48.93486407996177,OPTIMAL,
low90,roll-8,closing_normal_tangent,arm_sim_cap_scale,0.2,119.53349205975921,OPTIMAL,
low90,roll-8,closing_normal_tangent,pinch_mu_two45N,0.2,18.0,OPTIMAL,18.0
low90,roll-8,closing_normal_tangent,pinch_mu_two45N,0.4,36.0,OPTIMAL,36.0
low90,roll-8,closing_normal_tangent,pinch_mu_two45N,0.8,72.0,OPTIMAL,72.0
low90,roll-8,closing_normal_tangent,pinch_mu_PD_q014,0.2,7.28,OPTIMAL,7.28
low90,roll-8,closing_normal_tangent,pinch_mu_PD_q014,0.4,14.56,OPTIMAL,14.56
low90,roll-8,closing_normal_tangent,pinch_mu_PD_q014,0.8,29.12,OPTIMAL,29.12
low90,roll-8,handle_axis,ground_mu,0.3,63.630801508021364,OPTIMAL,
low90,roll-8,handle_axis,ground_mu,1.0,105.1025855546839,OPTIMAL,
low90,roll-8,handle_axis,arm_sim_cap_scale,0.1,29.94946328254323,OPTIMAL,
low90,roll-8,handle_axis,arm_sim_cap_scale,0.2,58.395310395743735,OPTIMAL,
low90,roll-8,handle_axis,pinch_mu_two45N,0.2,18.0,OPTIMAL,18.0
low90,roll-8,handle_axis,pinch_mu_two45N,0.4,36.0,OPTIMAL,36.0
low90,roll-8,handle_axis,pinch_mu_two45N,0.8,72.0,OPTIMAL,72.0
low90,roll-8,handle_axis,pinch_mu_PD_q014,0.2,7.28,OPTIMAL,7.28
low90,roll-8,handle_axis,pinch_mu_PD_q014,0.4,14.56,OPTIMAL,14.56
low90,roll-8,handle_axis,pinch_mu_PD_q014,0.8,29.12,OPTIMAL,29.12
low90,pitch+8,press_down,ground_mu,0.3,166.60459973257818,OPTIMAL,
low90,pitch+8,press_down,ground_mu,1.0,166.60459973257818,OPTIMAL,
low90,pitch+8,press_down,arm_sim_cap_scale,0.1,42.75901052223179,OPTIMAL,
low90,pitch+8,press_down,arm_sim_cap_scale,0.2,73.0848319475761,OPTIMAL,
low90,pitch+8,press_down,pinch_mu_two45N,0.2,90.0,OPTIMAL,90.0
low90,pitch+8,press_down,pinch_mu_two45N,0.4,90.0,OPTIMAL,90.0
low90,pitch+8,press_down,pinch_mu_two45N,0.8,90.0,OPTIMAL,90.0
low90,pitch+8,press_down,pinch_mu_PD_q014,0.2,36.4,OPTIMAL,36.4
low90,pitch+8,press_down,pinch_mu_PD_q014,0.4,36.4,OPTIMAL,36.4
low90,pitch+8,press_down,pinch_mu_PD_q014,0.8,36.4,OPTIMAL,36.4
low90,pitch+8,opening_normal_tangent,ground_mu,0.3,107.3904807648247,OPTIMAL,
low90,pitch+8,opening_normal_tangent,ground_mu,1.0,140.58466357879095,OPTIMAL,
low90,pitch+8,opening_normal_tangent,arm_sim_cap_scale,0.1,49.72632231833802,OPTIMAL,
low90,pitch+8,opening_normal_tangent,arm_sim_cap_scale,0.2,134.00635127565846,OPTIMAL,
low90,pitch+8,opening_normal_tangent,pinch_mu_two45N,0.2,18.0,OPTIMAL,18.0
low90,pitch+8,opening_normal_tangent,pinch_mu_two45N,0.4,36.0,OPTIMAL,36.0
low90,pitch+8,opening_normal_tangent,pinch_mu_two45N,0.8,72.0,OPTIMAL,72.0
low90,pitch+8,opening_normal_tangent,pinch_mu_PD_q014,0.2,7.28,OPTIMAL,7.28
low90,pitch+8,opening_normal_tangent,pinch_mu_PD_q014,0.4,14.56,OPTIMAL,14.56
low90,pitch+8,opening_normal_tangent,pinch_mu_PD_q014,0.8,29.12,OPTIMAL,29.12
low90,pitch+8,closing_normal_tangent,ground_mu,0.3,100.238156437457,OPTIMAL,
low90,pitch+8,closing_normal_tangent,ground_mu,1.0,117.57287784681621,OPTIMAL,
low90,pitch+8,closing_normal_tangent,arm_sim_cap_scale,0.1,75.4700271868721,OPTIMAL,
low90,pitch+8,closing_normal_tangent,arm_sim_cap_scale,0.2,117.57287784681621,OPTIMAL,
low90,pitch+8,closing_normal_tangent,pinch_mu_two45N,0.2,18.0,OPTIMAL,18.0
low90,pitch+8,closing_normal_tangent,pinch_mu_two45N,0.4,36.0,OPTIMAL,36.0
low90,pitch+8,closing_normal_tangent,pinch_mu_two45N,0.8,72.0,OPTIMAL,72.0
low90,pitch+8,closing_normal_tangent,pinch_mu_PD_q014,0.2,7.28,OPTIMAL,7.28
low90,pitch+8,closing_normal_tangent,pinch_mu_PD_q014,0.4,14.56,OPTIMAL,14.56
low90,pitch+8,closing_normal_tangent,pinch_mu_PD_q014,0.8,29.12,OPTIMAL,29.12
low90,pitch+8,handle_axis,ground_mu,0.3,63.76737431416932,OPTIMAL,
low90,pitch+8,handle_axis,ground_mu,1.0,102.54380239889423,OPTIMAL,
low90,pitch+8,handle_axis,arm_sim_cap_scale,0.1,32.991989803995395,OPTIMAL,
low90,pitch+8,handle_axis,arm_sim_cap_scale,0.2,66.71806095314886,OPTIMAL,
low90,pitch+8,handle_axis,pinch_mu_two45N,0.2,18.0,OPTIMAL,18.0
low90,pitch+8,handle_axis,pinch_mu_two45N,0.4,36.0,OPTIMAL,36.0
low90,pitch+8,handle_axis,pinch_mu_two45N,0.8,72.0,OPTIMAL,72.0
low90,pitch+8,handle_axis,pinch_mu_PD_q014,0.2,7.28,OPTIMAL,7.28
low90,pitch+8,handle_axis,pinch_mu_PD_q014,0.4,14.56,OPTIMAL,14.56
low90,pitch+8,handle_axis,pinch_mu_PD_q014,0.8,29.12,OPTIMAL,29.12
low90,pitch-8,press_down,ground_mu,0.3,163.2449078201294,OPTIMAL,
low90,pitch-8,press_down,ground_mu,1.0,163.2449078201294,OPTIMAL,
low90,pitch-8,press_down,arm_sim_cap_scale,0.1,38.643505949078396,OPTIMAL,
low90,pitch-8,press_down,arm_sim_cap_scale,0.2,63.379987352556036,OPTIMAL,
low90,pitch-8,press_down,pinch_mu_two45N,0.2,90.0,OPTIMAL,90.0
low90,pitch-8,press_down,pinch_mu_two45N,0.4,90.0,OPTIMAL,90.0
low90,pitch-8,press_down,pinch_mu_two45N,0.8,90.0,OPTIMAL,90.0
low90,pitch-8,press_down,pinch_mu_PD_q014,0.2,36.4,OPTIMAL,36.4
low90,pitch-8,press_down,pinch_mu_PD_q014,0.4,36.4,OPTIMAL,36.4
low90,pitch-8,press_down,pinch_mu_PD_q014,0.8,36.4,OPTIMAL,36.4
low90,pitch-8,opening_normal_tangent,ground_mu,0.3,107.84347280524342,OPTIMAL,
low90,pitch-8,opening_normal_tangent,ground_mu,1.0,137.74968088324343,OPTIMAL,
low90,pitch-8,opening_normal_tangent,arm_sim_cap_scale,0.1,40.227737324736985,OPTIMAL,
low90,pitch-8,opening_normal_tangent,arm_sim_cap_scale,0.2,105.50115272645824,OPTIMAL,
low90,pitch-8,opening_normal_tangent,pinch_mu_two45N,0.2,18.0,OPTIMAL,18.0
low90,pitch-8,opening_normal_tangent,pinch_mu_two45N,0.4,36.0,OPTIMAL,36.0
low90,pitch-8,opening_normal_tangent,pinch_mu_two45N,0.8,72.0,OPTIMAL,72.0
low90,pitch-8,opening_normal_tangent,pinch_mu_PD_q014,0.2,7.28,OPTIMAL,7.28
low90,pitch-8,opening_normal_tangent,pinch_mu_PD_q014,0.4,14.56,OPTIMAL,14.56
low90,pitch-8,opening_normal_tangent,pinch_mu_PD_q014,0.8,29.12,OPTIMAL,29.12
low90,pitch-8,closing_normal_tangent,ground_mu,0.3,101.97409312791727,OPTIMAL,
low90,pitch-8,closing_normal_tangent,ground_mu,1.0,120.407860542437,OPTIMAL,
low90,pitch-8,closing_normal_tangent,arm_sim_cap_scale,0.1,46.56896864305617,OPTIMAL,
low90,pitch-8,closing_normal_tangent,arm_sim_cap_scale,0.2,120.407860542437,OPTIMAL,
low90,pitch-8,closing_normal_tangent,pinch_mu_two45N,0.2,18.0,OPTIMAL,18.0
low90,pitch-8,closing_normal_tangent,pinch_mu_two45N,0.4,36.0,OPTIMAL,36.0
low90,pitch-8,closing_normal_tangent,pinch_mu_two45N,0.8,72.0,OPTIMAL,72.0
low90,pitch-8,closing_normal_tangent,pinch_mu_PD_q014,0.2,7.28,OPTIMAL,7.28
low90,pitch-8,closing_normal_tangent,pinch_mu_PD_q014,0.4,14.56,OPTIMAL,14.56
low90,pitch-8,closing_normal_tangent,pinch_mu_PD_q014,0.8,29.12,OPTIMAL,29.12
low90,pitch-8,handle_axis,ground_mu,0.3,63.28007191273358,OPTIMAL,
low90,pitch-8,handle_axis,ground_mu,1.0,103.52082737547393,OPTIMAL,
low90,pitch-8,handle_axis,arm_sim_cap_scale,0.1,25.609268593114674,OPTIMAL,
low90,pitch-8,handle_axis,arm_sim_cap_scale,0.2,50.376362039050164,OPTIMAL,
low90,pitch-8,handle_axis,pinch_mu_two45N,0.2,18.0,OPTIMAL,18.0
low90,pitch-8,handle_axis,pinch_mu_two45N,0.4,36.0,OPTIMAL,36.0
low90,pitch-8,handle_axis,pinch_mu_two45N,0.8,72.0,OPTIMAL,72.0
low90,pitch-8,handle_axis,pinch_mu_PD_q014,0.2,7.28,OPTIMAL,7.28
low90,pitch-8,handle_axis,pinch_mu_PD_q014,0.4,14.56,OPTIMAL,14.56
low90,pitch-8,handle_axis,pinch_mu_PD_q014,0.8,29.12,OPTIMAL,29.12
mid105,neutral,press_down,ground_mu,0.3,155.26621252202938,OPTIMAL,
mid105,neutral,press_down,ground_mu,1.0,155.26621252202938,OPTIMAL,
mid105,neutral,press_down,arm_sim_cap_scale,0.1,36.44673538450542,OPTIMAL,
mid105,neutral,press_down,arm_sim_cap_scale,0.2,60.57493367474804,OPTIMAL,
mid105,neutral,press_down,pinch_mu_two45N,0.2,90.0,OPTIMAL,90.0
mid105,neutral,press_down,pinch_mu_two45N,0.4,90.0,OPTIMAL,90.0
mid105,neutral,press_down,pinch_mu_two45N,0.8,90.0,OPTIMAL,90.0
mid105,neutral,press_down,pinch_mu_PD_q014,0.2,36.4,OPTIMAL,36.4
mid105,neutral,press_down,pinch_mu_PD_q014,0.4,36.4,OPTIMAL,36.4
mid105,neutral,press_down,pinch_mu_PD_q014,0.8,36.4,OPTIMAL,36.4
mid105,neutral,opening_normal_tangent,ground_mu,0.3,102.6969928275261,OPTIMAL,
mid105,neutral,opening_normal_tangent,ground_mu,1.0,119.69398387031568,OPTIMAL,
mid105,neutral,opening_normal_tangent,arm_sim_cap_scale,0.1,64.36867636944721,OPTIMAL,
mid105,neutral,opening_normal_tangent,arm_sim_cap_scale,0.2,106.98155158961698,OPTIMAL,
mid105,neutral,opening_normal_tangent,pinch_mu_two45N,0.2,18.0,OPTIMAL,18.0
mid105,neutral,opening_normal_tangent,pinch_mu_two45N,0.4,36.0,OPTIMAL,36.0
mid105,neutral,opening_normal_tangent,pinch_mu_two45N,0.8,72.0,OPTIMAL,72.0
mid105,neutral,opening_normal_tangent,pinch_mu_PD_q014,0.2,7.28,OPTIMAL,7.28
mid105,neutral,opening_normal_tangent,pinch_mu_PD_q014,0.4,14.56,OPTIMAL,14.56
mid105,neutral,opening_normal_tangent,pinch_mu_PD_q014,0.8,29.12,OPTIMAL,29.12
mid105,neutral,closing_normal_tangent,ground_mu,0.3,93.75413842273649,OPTIMAL,
mid105,neutral,closing_normal_tangent,ground_mu,1.0,101.58390878022519,OPTIMAL,
mid105,neutral,closing_normal_tangent,arm_sim_cap_scale,0.1,20.857074070892327,OPTIMAL,
mid105,neutral,closing_normal_tangent,arm_sim_cap_scale,0.2,63.4699492910621,OPTIMAL,
mid105,neutral,closing_normal_tangent,pinch_mu_two45N,0.2,18.0,OPTIMAL,18.0
mid105,neutral,closing_normal_tangent,pinch_mu_two45N,0.4,36.0,OPTIMAL,36.0
mid105,neutral,closing_normal_tangent,pinch_mu_two45N,0.8,72.0,OPTIMAL,72.0
mid105,neutral,closing_normal_tangent,pinch_mu_PD_q014,0.2,7.28,OPTIMAL,7.28
mid105,neutral,closing_normal_tangent,pinch_mu_PD_q014,0.4,14.56,OPTIMAL,14.56
mid105,neutral,closing_normal_tangent,pinch_mu_PD_q014,0.8,29.12,OPTIMAL,29.12
mid105,neutral,handle_axis,ground_mu,0.3,58.26075185484082,OPTIMAL,
mid105,neutral,handle_axis,ground_mu,1.0,88.27655522700886,OPTIMAL,
mid105,neutral,handle_axis,arm_sim_cap_scale,0.1,24.69135802469151,OPTIMAL,
mid105,neutral,handle_axis,arm_sim_cap_scale,0.2,49.38271604938302,OPTIMAL,
mid105,neutral,handle_axis,pinch_mu_two45N,0.2,18.0,OPTIMAL,18.0
mid105,neutral,handle_axis,pinch_mu_two45N,0.4,36.0,OPTIMAL,36.0
mid105,neutral,handle_axis,pinch_mu_two45N,0.8,72.0,OPTIMAL,72.0
mid105,neutral,handle_axis,pinch_mu_PD_q014,0.2,7.28,OPTIMAL,7.28
mid105,neutral,handle_axis,pinch_mu_PD_q014,0.4,14.56,OPTIMAL,14.56
mid105,neutral,handle_axis,pinch_mu_PD_q014,0.8,29.12,OPTIMAL,29.12
mid105,roll+8,press_down,ground_mu,0.3,155.72027975799162,OPTIMAL,
mid105,roll+8,press_down,ground_mu,1.0,155.72027975799162,OPTIMAL,
mid105,roll+8,press_down,arm_sim_cap_scale,0.1,37.79729271130482,OPTIMAL,
mid105,roll+8,press_down,arm_sim_cap_scale,0.2,62.296910898068205,OPTIMAL,
mid105,roll+8,press_down,pinch_mu_two45N,0.2,90.0,OPTIMAL,90.0
mid105,roll+8,press_down,pinch_mu_two45N,0.4,90.0,OPTIMAL,90.0
mid105,roll+8,press_down,pinch_mu_two45N,0.8,90.0,OPTIMAL,90.0
mid105,roll+8,press_down,pinch_mu_PD_q014,0.2,36.4,OPTIMAL,36.4
mid105,roll+8,press_down,pinch_mu_PD_q014,0.4,36.4,OPTIMAL,36.4
mid105,roll+8,press_down,pinch_mu_PD_q014,0.8,36.4,OPTIMAL,36.4
mid105,roll+8,opening_normal_tangent,ground_mu,0.3,102.09028662059991,OPTIMAL,
mid105,roll+8,opening_normal_tangent,ground_mu,1.0,120.04402214029423,OPTIMAL,
mid105,roll+8,opening_normal_tangent,arm_sim_cap_scale,0.1,55.38226689129575,OPTIMAL,
mid105,roll+8,opening_normal_tangent,arm_sim_cap_scale,0.2,107.10578571180082,OPTIMAL,
mid105,roll+8,opening_normal_tangent,pinch_mu_two45N,0.2,18.0,OPTIMAL,18.0
mid105,roll+8,opening_normal_tangent,pinch_mu_two45N,0.4,36.0,OPTIMAL,36.0
mid105,roll+8,opening_normal_tangent,pinch_mu_two45N,0.8,72.0,OPTIMAL,72.0
mid105,roll+8,opening_normal_tangent,pinch_mu_PD_q014,0.2,7.28,OPTIMAL,7.28
mid105,roll+8,opening_normal_tangent,pinch_mu_PD_q014,0.4,14.56,OPTIMAL,14.56
mid105,roll+8,opening_normal_tangent,pinch_mu_PD_q014,0.8,29.12,OPTIMAL,29.12
mid105,roll+8,closing_normal_tangent,ground_mu,0.3,92.80173058078687,OPTIMAL,
mid105,roll+8,closing_normal_tangent,ground_mu,1.0,101.23387051024707,OPTIMAL,
mid105,roll+8,closing_normal_tangent,arm_sim_cap_scale,0.1,24.621829994540345,OPTIMAL,
mid105,roll+8,closing_normal_tangent,arm_sim_cap_scale,0.2,78.47189852862766,OPTIMAL,
mid105,roll+8,closing_normal_tangent,pinch_mu_two45N,0.2,18.0,OPTIMAL,18.0
mid105,roll+8,closing_normal_tangent,pinch_mu_two45N,0.4,36.0,OPTIMAL,36.0
mid105,roll+8,closing_normal_tangent,pinch_mu_two45N,0.8,72.0,OPTIMAL,72.0
mid105,roll+8,closing_normal_tangent,pinch_mu_PD_q014,0.2,7.28,OPTIMAL,7.28
mid105,roll+8,closing_normal_tangent,pinch_mu_PD_q014,0.4,14.56,OPTIMAL,14.56
mid105,roll+8,closing_normal_tangent,pinch_mu_PD_q014,0.8,29.12,OPTIMAL,29.12
mid105,roll+8,handle_axis,ground_mu,0.3,57.91656300570966,OPTIMAL,
mid105,roll+8,handle_axis,ground_mu,1.0,86.69788295856377,OPTIMAL,
mid105,roll+8,handle_axis,arm_sim_cap_scale,0.1,23.170265686844147,OPTIMAL,
mid105,roll+8,handle_axis,arm_sim_cap_scale,0.2,48.10427982310646,OPTIMAL,
mid105,roll+8,handle_axis,pinch_mu_two45N,0.2,18.0,OPTIMAL,18.0
mid105,roll+8,handle_axis,pinch_mu_two45N,0.4,36.0,OPTIMAL,36.0
mid105,roll+8,handle_axis,pinch_mu_two45N,0.8,72.0,OPTIMAL,72.0
mid105,roll+8,handle_axis,pinch_mu_PD_q014,0.2,7.28,OPTIMAL,7.28
mid105,roll+8,handle_axis,pinch_mu_PD_q014,0.4,14.56,OPTIMAL,14.56
mid105,roll+8,handle_axis,pinch_mu_PD_q014,0.8,29.12,OPTIMAL,29.12
mid105,roll-8,press_down,ground_mu,0.3,154.9631737862206,OPTIMAL,
mid105,roll-8,press_down,ground_mu,1.0,154.9631737862206,OPTIMAL,
mid105,roll-8,press_down,arm_sim_cap_scale,0.1,35.83536700180529,OPTIMAL,
mid105,roll-8,press_down,arm_sim_cap_scale,0.2,59.70874551740444,OPTIMAL,
mid105,roll-8,press_down,pinch_mu_two45N,0.2,90.0,OPTIMAL,90.0
mid105,roll-8,press_down,pinch_mu_two45N,0.4,90.0,OPTIMAL,90.0
mid105,roll-8,press_down,pinch_mu_two45N,0.8,90.0,OPTIMAL,90.0
mid105,roll-8,press_down,pinch_mu_PD_q014,0.2,36.4,OPTIMAL,36.4
mid105,roll-8,press_down,pinch_mu_PD_q014,0.4,36.4,OPTIMAL,36.4
mid105,roll-8,press_down,pinch_mu_PD_q014,0.8,36.4,OPTIMAL,36.4
mid105,roll-8,opening_normal_tangent,ground_mu,0.3,103.47577695714317,OPTIMAL,
mid105,roll-8,opening_normal_tangent,ground_mu,1.0,119.46037275191823,OPTIMAL,
mid105,roll-8,opening_normal_tangent,arm_sim_cap_scale,0.1,54.06302761886022,OPTIMAL,
mid105,roll-8,opening_normal_tangent,arm_sim_cap_scale,0.2,90.9132570360346,OPTIMAL,
mid105,roll-8,opening_normal_tangent,pinch_mu_two45N,0.2,18.0,OPTIMAL,18.0
mid105,roll-8,opening_normal_tangent,pinch_mu_two45N,0.4,36.0,OPTIMAL,36.0
mid105,roll-8,opening_normal_tangent,pinch_mu_two45N,0.8,72.0,OPTIMAL,72.0
mid105,roll-8,opening_normal_tangent,pinch_mu_PD_q014,0.2,7.28,OPTIMAL,7.28
mid105,roll-8,opening_normal_tangent,pinch_mu_PD_q014,0.4,14.56,OPTIMAL,14.56
mid105,roll-8,opening_normal_tangent,pinch_mu_PD_q014,0.8,29.12,OPTIMAL,29.12
mid105,roll-8,closing_normal_tangent,ground_mu,0.3,94.76363945537526,OPTIMAL,
mid105,roll-8,closing_normal_tangent,ground_mu,1.0,101.81751989861519,OPTIMAL,
mid105,roll-8,closing_normal_tangent,arm_sim_cap_scale,0.1,19.637431215488558,OPTIMAL,
mid105,roll-8,closing_normal_tangent,arm_sim_cap_scale,0.2,56.48766063266294,OPTIMAL,
mid105,roll-8,closing_normal_tangent,pinch_mu_two45N,0.2,18.0,OPTIMAL,18.0
mid105,roll-8,closing_normal_tangent,pinch_mu_two45N,0.4,36.0,OPTIMAL,36.0
mid105,roll-8,closing_normal_tangent,pinch_mu_two45N,0.8,72.0,OPTIMAL,72.0
mid105,roll-8,closing_normal_tangent,pinch_mu_PD_q014,0.2,7.28,OPTIMAL,7.28
mid105,roll-8,closing_normal_tangent,pinch_mu_PD_q014,0.4,14.56,OPTIMAL,14.56
mid105,roll-8,closing_normal_tangent,pinch_mu_PD_q014,0.8,29.12,OPTIMAL,29.12
mid105,roll-8,handle_axis,ground_mu,0.3,58.45778803293308,OPTIMAL,
mid105,roll-8,handle_axis,ground_mu,1.0,90.0872734331452,OPTIMAL,
mid105,roll-8,handle_axis,arm_sim_cap_scale,0.1,26.485104552600017,OPTIMAL,
mid105,roll-8,handle_axis,arm_sim_cap_scale,0.2,51.41911868886236,OPTIMAL,
mid105,roll-8,handle_axis,pinch_mu_two45N,0.2,18.0,OPTIMAL,18.0
mid105,roll-8,handle_axis,pinch_mu_two45N,0.4,36.0,OPTIMAL,36.0
mid105,roll-8,handle_axis,pinch_mu_two45N,0.8,72.0,OPTIMAL,72.0
mid105,roll-8,handle_axis,pinch_mu_PD_q014,0.2,7.28,OPTIMAL,7.28
mid105,roll-8,handle_axis,pinch_mu_PD_q014,0.4,14.56,OPTIMAL,14.56
mid105,roll-8,handle_axis,pinch_mu_PD_q014,0.8,29.12,OPTIMAL,29.12
mid105,pitch+8,press_down,ground_mu,0.3,157.16079622792753,OPTIMAL,
mid105,pitch+8,press_down,ground_mu,1.0,157.16079622792753,OPTIMAL,
mid105,pitch+8,press_down,arm_sim_cap_scale,0.1,38.391831125676205,OPTIMAL,
mid105,pitch+8,press_down,arm_sim_cap_scale,0.2,64.12864247087913,OPTIMAL,
mid105,pitch+8,press_down,pinch_mu_two45N,0.2,90.0,OPTIMAL,90.0
mid105,pitch+8,press_down,pinch_mu_two45N,0.4,90.0,OPTIMAL,90.0
mid105,pitch+8,press_down,pinch_mu_two45N,0.8,90.0,OPTIMAL,90.0
mid105,pitch+8,press_down,pinch_mu_PD_q014,0.2,36.4,OPTIMAL,36.4
mid105,pitch+8,press_down,pinch_mu_PD_q014,0.4,36.4,OPTIMAL,36.4
mid105,pitch+8,press_down,pinch_mu_PD_q014,0.8,36.4,OPTIMAL,36.4
mid105,pitch+8,opening_normal_tangent,ground_mu,0.3,103.21835736429259,OPTIMAL,
mid105,pitch+8,opening_normal_tangent,ground_mu,1.0,121.15450942736759,OPTIMAL,
mid105,pitch+8,opening_normal_tangent,arm_sim_cap_scale,0.1,65.61831293777237,OPTIMAL,
mid105,pitch+8,opening_normal_tangent,arm_sim_cap_scale,0.2,112.16576510521669,OPTIMAL,
mid105,pitch+8,opening_normal_tangent,pinch_mu_two45N,0.2,18.0,OPTIMAL,18.0
mid105,pitch+8,opening_normal_tangent,pinch_mu_two45N,0.4,36.0,OPTIMAL,36.0
mid105,pitch+8,opening_normal_tangent,pinch_mu_two45N,0.8,72.0,OPTIMAL,72.0
mid105,pitch+8,opening_normal_tangent,pinch_mu_PD_q014,0.2,7.28,OPTIMAL,7.28
mid105,pitch+8,opening_normal_tangent,pinch_mu_PD_q014,0.4,14.56,OPTIMAL,14.56
mid105,pitch+8,opening_normal_tangent,pinch_mu_PD_q014,0.8,29.12,OPTIMAL,29.12
mid105,pitch+8,closing_normal_tangent,ground_mu,0.3,92.83307189884461,OPTIMAL,
mid105,pitch+8,closing_normal_tangent,ground_mu,1.0,100.12338322315539,OPTIMAL,
mid105,pitch+8,closing_normal_tangent,arm_sim_cap_scale,0.1,27.476591397116266,OPTIMAL,
mid105,pitch+8,closing_normal_tangent,arm_sim_cap_scale,0.2,74.02404356456059,OPTIMAL,
mid105,pitch+8,closing_normal_tangent,pinch_mu_two45N,0.2,18.0,OPTIMAL,18.0
mid105,pitch+8,closing_normal_tangent,pinch_mu_two45N,0.4,36.0,OPTIMAL,36.0
mid105,pitch+8,closing_normal_tangent,pinch_mu_two45N,0.8,72.0,OPTIMAL,72.0
mid105,pitch+8,closing_normal_tangent,pinch_mu_PD_q014,0.2,7.28,OPTIMAL,7.28
mid105,pitch+8,closing_normal_tangent,pinch_mu_PD_q014,0.4,14.56,OPTIMAL,14.56
mid105,pitch+8,closing_normal_tangent,pinch_mu_PD_q014,0.8,29.12,OPTIMAL,29.12
mid105,pitch+8,handle_axis,ground_mu,0.3,58.5565257531716,OPTIMAL,
mid105,pitch+8,handle_axis,ground_mu,1.0,87.87183920086557,OPTIMAL,
mid105,pitch+8,handle_axis,arm_sim_cap_scale,0.1,30.096450318545806,OPTIMAL,
mid105,pitch+8,handle_axis,arm_sim_cap_scale,0.2,60.852057905757626,OPTIMAL,
mid105,pitch+8,handle_axis,pinch_mu_two45N,0.2,18.0,OPTIMAL,18.0
mid105,pitch+8,handle_axis,pinch_mu_two45N,0.4,36.0,OPTIMAL,36.0
mid105,pitch+8,handle_axis,pinch_mu_two45N,0.8,72.0,OPTIMAL,72.0
mid105,pitch+8,handle_axis,pinch_mu_PD_q014,0.2,7.28,OPTIMAL,7.28
mid105,pitch+8,handle_axis,pinch_mu_PD_q014,0.4,14.56,OPTIMAL,14.56
mid105,pitch+8,handle_axis,pinch_mu_PD_q014,0.8,29.12,OPTIMAL,29.12
mid105,pitch-8,press_down,ground_mu,0.3,153.89649837582166,OPTIMAL,
mid105,pitch-8,press_down,ground_mu,1.0,153.89649837582166,OPTIMAL,
mid105,pitch-8,press_down,arm_sim_cap_scale,0.1,35.26600713309106,OPTIMAL,
mid105,pitch-8,press_down,arm_sim_cap_scale,0.2,57.175413357260936,OPTIMAL,
mid105,pitch-8,press_down,pinch_mu_two45N,0.2,90.0,OPTIMAL,90.0
mid105,pitch-8,press_down,pinch_mu_two45N,0.4,90.0,OPTIMAL,90.0
mid105,pitch-8,press_down,pinch_mu_two45N,0.8,90.0,OPTIMAL,90.0
mid105,pitch-8,press_down,pinch_mu_PD_q014,0.2,36.4,OPTIMAL,36.4
mid105,pitch-8,press_down,pinch_mu_PD_q014,0.4,36.4,OPTIMAL,36.4
mid105,pitch-8,press_down,pinch_mu_PD_q014,0.8,36.4,OPTIMAL,36.4
mid105,pitch-8,opening_normal_tangent,ground_mu,0.3,102.30993114881409,OPTIMAL,
mid105,pitch-8,opening_normal_tangent,ground_mu,1.0,118.63807775745254,OPTIMAL,
mid105,pitch-8,opening_normal_tangent,arm_sim_cap_scale,0.1,68.24316858228757,OPTIMAL,
mid105,pitch-8,opening_normal_tangent,arm_sim_cap_scale,0.2,110.64000973448279,OPTIMAL,
mid105,pitch-8,opening_normal_tangent,pinch_mu_two45N,0.2,18.0,OPTIMAL,18.0
mid105,pitch-8,opening_normal_tangent,pinch_mu_two45N,0.4,36.0,OPTIMAL,36.0
mid105,pitch-8,opening_normal_tangent,pinch_mu_two45N,0.8,72.0,OPTIMAL,72.0
mid105,pitch-8,opening_normal_tangent,pinch_mu_PD_q014,0.2,7.28,OPTIMAL,7.28
mid105,pitch-8,opening_normal_tangent,pinch_mu_PD_q014,0.4,14.56,OPTIMAL,14.56
mid105,pitch-8,opening_normal_tangent,pinch_mu_PD_q014,0.8,29.12,OPTIMAL,29.12
mid105,pitch-8,closing_normal_tangent,ground_mu,0.3,94.40990120340743,OPTIMAL,
mid105,pitch-8,closing_normal_tangent,ground_mu,1.0,102.63981489312421,OPTIMAL,
mid105,pitch-8,closing_normal_tangent,arm_sim_cap_scale,0.1,16.550513722102885,OPTIMAL,
mid105,pitch-8,closing_normal_tangent,arm_sim_cap_scale,0.2,58.94735487429811,OPTIMAL,
mid105,pitch-8,closing_normal_tangent,pinch_mu_two45N,0.2,18.0,OPTIMAL,18.0
mid105,pitch-8,closing_normal_tangent,pinch_mu_two45N,0.4,36.0,OPTIMAL,36.0
mid105,pitch-8,closing_normal_tangent,pinch_mu_two45N,0.8,72.0,OPTIMAL,72.0
mid105,pitch-8,closing_normal_tangent,pinch_mu_PD_q014,0.2,7.28,OPTIMAL,7.28
mid105,pitch-8,closing_normal_tangent,pinch_mu_PD_q014,0.4,14.56,OPTIMAL,14.56
mid105,pitch-8,closing_normal_tangent,pinch_mu_PD_q014,0.8,29.12,OPTIMAL,29.12
mid105,pitch-8,handle_axis,ground_mu,0.3,58.04116894598748,OPTIMAL,
mid105,pitch-8,handle_axis,ground_mu,1.0,88.54862703503578,OPTIMAL,
mid105,pitch-8,handle_axis,arm_sim_cap_scale,0.1,21.750925345182065,OPTIMAL,
mid105,pitch-8,handle_axis,arm_sim_cap_scale,0.2,42.841256801044445,OPTIMAL,
mid105,pitch-8,handle_axis,pinch_mu_two45N,0.2,18.0,OPTIMAL,18.0
mid105,pitch-8,handle_axis,pinch_mu_two45N,0.4,36.0,OPTIMAL,36.0
mid105,pitch-8,handle_axis,pinch_mu_two45N,0.8,72.0,OPTIMAL,72.0
mid105,pitch-8,handle_axis,pinch_mu_PD_q014,0.2,7.28,OPTIMAL,7.28
mid105,pitch-8,handle_axis,pinch_mu_PD_q014,0.4,14.56,OPTIMAL,14.56
mid105,pitch-8,handle_axis,pinch_mu_PD_q014,0.8,29.12,OPTIMAL,29.12
far90,neutral,press_down,ground_mu,0.3,135.30248899281113,OPTIMAL,
far90,neutral,press_down,ground_mu,1.0,135.30248899281113,OPTIMAL,
far90,neutral,press_down,arm_sim_cap_scale,0.1,33.978202836550615,OPTIMAL,
far90,neutral,press_down,arm_sim_cap_scale,0.2,51.66670080845913,OPTIMAL,
far90,neutral,press_down,pinch_mu_two45N,0.2,90.0,OPTIMAL,90.0
far90,neutral,press_down,pinch_mu_two45N,0.4,90.0,OPTIMAL,90.0
far90,neutral,press_down,pinch_mu_two45N,0.8,90.0,OPTIMAL,90.0
far90,neutral,press_down,pinch_mu_PD_q014,0.2,36.4,OPTIMAL,36.4
far90,neutral,press_down,pinch_mu_PD_q014,0.4,36.4,OPTIMAL,36.4
far90,neutral,press_down,pinch_mu_PD_q014,0.8,36.4,OPTIMAL,36.4
far90,neutral,opening_normal_tangent,ground_mu,0.3,107.86952421314203,OPTIMAL,
far90,neutral,opening_normal_tangent,ground_mu,1.0,144.2384667102919,OPTIMAL,
far90,neutral,opening_normal_tangent,arm_sim_cap_scale,0.1,49.63726846260441,OPTIMAL,
far90,neutral,opening_normal_tangent,arm_sim_cap_scale,0.2,143.08751159685582,OPTIMAL,
far90,neutral,opening_normal_tangent,pinch_mu_two45N,0.2,18.0,OPTIMAL,18.0
far90,neutral,opening_normal_tangent,pinch_mu_two45N,0.4,36.0,OPTIMAL,36.0
far90,neutral,opening_normal_tangent,pinch_mu_two45N,0.8,72.0,OPTIMAL,72.0
far90,neutral,opening_normal_tangent,pinch_mu_PD_q014,0.2,7.28,OPTIMAL,7.28
far90,neutral,opening_normal_tangent,pinch_mu_PD_q014,0.4,14.56,OPTIMAL,14.56
far90,neutral,opening_normal_tangent,pinch_mu_PD_q014,0.8,29.12,OPTIMAL,29.12
far90,neutral,closing_normal_tangent,ground_mu,0.3,99.04477531659488,OPTIMAL,
far90,neutral,closing_normal_tangent,ground_mu,1.0,113.91907471533837,OPTIMAL,
far90,neutral,closing_normal_tangent,arm_sim_cap_scale,0.1,7.219061709261693,OPTIMAL,
far90,neutral,closing_normal_tangent,arm_sim_cap_scale,0.2,98.50801483607732,OPTIMAL,
far90,neutral,closing_normal_tangent,pinch_mu_two45N,0.2,18.0,OPTIMAL,18.0
far90,neutral,closing_normal_tangent,pinch_mu_two45N,0.4,36.0,OPTIMAL,36.0
far90,neutral,closing_normal_tangent,pinch_mu_two45N,0.8,72.0,OPTIMAL,72.0
far90,neutral,closing_normal_tangent,pinch_mu_PD_q014,0.2,7.28,OPTIMAL,7.28
far90,neutral,closing_normal_tangent,pinch_mu_PD_q014,0.4,14.56,OPTIMAL,14.56
far90,neutral,closing_normal_tangent,pinch_mu_PD_q014,0.8,29.12,OPTIMAL,29.12
far90,neutral,handle_axis,ground_mu,0.3,47.24585545641649,OPTIMAL,
far90,neutral,handle_axis,ground_mu,1.0,103.5770157273841,OPTIMAL,
far90,neutral,handle_axis,arm_sim_cap_scale,0.1,18.018018018018022,OPTIMAL,
far90,neutral,handle_axis,arm_sim_cap_scale,0.2,36.036036036036045,OPTIMAL,
far90,neutral,handle_axis,pinch_mu_two45N,0.2,18.0,OPTIMAL,18.0
far90,neutral,handle_axis,pinch_mu_two45N,0.4,36.0,OPTIMAL,36.0
far90,neutral,handle_axis,pinch_mu_two45N,0.8,72.0,OPTIMAL,72.0
far90,neutral,handle_axis,pinch_mu_PD_q014,0.2,7.28,OPTIMAL,7.28
far90,neutral,handle_axis,pinch_mu_PD_q014,0.4,14.56,OPTIMAL,14.56
far90,neutral,handle_axis,pinch_mu_PD_q014,0.8,29.12,OPTIMAL,29.12
far90,roll+8,press_down,ground_mu,0.3,135.45426189701743,OPTIMAL,
far90,roll+8,press_down,ground_mu,1.0,135.45426189701743,OPTIMAL,
far90,roll+8,press_down,arm_sim_cap_scale,0.1,34.267801445259295,OPTIMAL,
far90,roll+8,press_down,arm_sim_cap_scale,0.2,51.949959880887846,OPTIMAL,
far90,roll+8,press_down,pinch_mu_two45N,0.2,90.0,OPTIMAL,90.0
far90,roll+8,press_down,pinch_mu_two45N,0.4,90.0,OPTIMAL,90.0
far90,roll+8,press_down,pinch_mu_two45N,0.8,90.0,OPTIMAL,90.0
far90,roll+8,press_down,pinch_mu_PD_q014,0.2,36.4,OPTIMAL,36.4
far90,roll+8,press_down,pinch_mu_PD_q014,0.4,36.4,OPTIMAL,36.4
far90,roll+8,press_down,pinch_mu_PD_q014,0.8,36.4,OPTIMAL,36.4
far90,roll+8,opening_normal_tangent,ground_mu,0.3,107.06105337088172,OPTIMAL,
far90,roll+8,opening_normal_tangent,ground_mu,1.0,144.40026337163832,OPTIMAL,
far90,roll+8,opening_normal_tangent,arm_sim_cap_scale,0.1,50.57939361193256,OPTIMAL,
far90,roll+8,opening_normal_tangent,arm_sim_cap_scale,0.2,123.22933440377031,OPTIMAL,
far90,roll+8,opening_normal_tangent,pinch_mu_two45N,0.2,18.0,OPTIMAL,18.0
far90,roll+8,opening_normal_tangent,pinch_mu_two45N,0.4,36.0,OPTIMAL,36.0
far90,roll+8,opening_normal_tangent,pinch_mu_two45N,0.8,72.0,OPTIMAL,72.0
far90,roll+8,opening_normal_tangent,pinch_mu_PD_q014,0.2,7.28,OPTIMAL,7.28
far90,roll+8,opening_normal_tangent,pinch_mu_PD_q014,0.4,14.56,OPTIMAL,14.56
far90,roll+8,opening_normal_tangent,pinch_mu_PD_q014,0.8,29.12,OPTIMAL,29.12
far90,roll+8,closing_normal_tangent,ground_mu,0.3,98.17702387283784,OPTIMAL,
far90,roll+8,closing_normal_tangent,ground_mu,1.0,113.75727805399215,OPTIMAL,
far90,roll+8,closing_normal_tangent,arm_sim_cap_scale,0.1,7.2132375441728245,OPTIMAL,
far90,roll+8,closing_normal_tangent,arm_sim_cap_scale,0.2,108.70893350415012,OPTIMAL,
far90,roll+8,closing_normal_tangent,pinch_mu_two45N,0.2,18.0,OPTIMAL,18.0
far90,roll+8,closing_normal_tangent,pinch_mu_two45N,0.4,36.0,OPTIMAL,36.0
far90,roll+8,closing_normal_tangent,pinch_mu_two45N,0.8,72.0,OPTIMAL,72.0
far90,roll+8,closing_normal_tangent,pinch_mu_PD_q014,0.2,7.28,OPTIMAL,7.28
far90,roll+8,closing_normal_tangent,pinch_mu_PD_q014,0.4,14.56,OPTIMAL,14.56
far90,roll+8,closing_normal_tangent,pinch_mu_PD_q014,0.8,29.12,OPTIMAL,29.12
far90,roll+8,handle_axis,ground_mu,0.3,47.25843888449672,OPTIMAL,
far90,roll+8,handle_axis,ground_mu,1.0,101.8332848544419,OPTIMAL,
far90,roll+8,handle_axis,arm_sim_cap_scale,0.1,15.916898808084396,OPTIMAL,
far90,roll+8,handle_axis,arm_sim_cap_scale,0.2,34.111990204816244,OPTIMAL,
far90,roll+8,handle_axis,pinch_mu_two45N,0.2,18.0,OPTIMAL,18.0
far90,roll+8,handle_axis,pinch_mu_two45N,0.4,36.0,OPTIMAL,36.0
far90,roll+8,handle_axis,pinch_mu_two45N,0.8,72.0,OPTIMAL,72.0
far90,roll+8,handle_axis,pinch_mu_PD_q014,0.2,7.28,OPTIMAL,7.28
far90,roll+8,handle_axis,pinch_mu_PD_q014,0.4,14.56,OPTIMAL,14.56
far90,roll+8,handle_axis,pinch_mu_PD_q014,0.8,29.12,OPTIMAL,29.12
far90,roll-8,press_down,ground_mu,0.3,135.22503439870562,OPTIMAL,
far90,roll-8,press_down,ground_mu,1.0,135.22503439870562,OPTIMAL,
far90,roll-8,press_down,arm_sim_cap_scale,0.1,34.01625783701839,OPTIMAL,
far90,roll-8,press_down,arm_sim_cap_scale,0.2,52.01460443406809,OPTIMAL,
far90,roll-8,press_down,pinch_mu_two45N,0.2,90.0,OPTIMAL,90.0
far90,roll-8,press_down,pinch_mu_two45N,0.4,90.0,OPTIMAL,90.0
far90,roll-8,press_down,pinch_mu_two45N,0.8,90.0,OPTIMAL,90.0
far90,roll-8,press_down,pinch_mu_PD_q014,0.2,36.4,OPTIMAL,36.4
far90,roll-8,press_down,pinch_mu_PD_q014,0.4,36.4,OPTIMAL,36.4
far90,roll-8,press_down,pinch_mu_PD_q014,0.8,36.4,OPTIMAL,36.4
far90,roll-8,opening_normal_tangent,ground_mu,0.3,108.70951277657666,OPTIMAL,
far90,roll-8,opening_normal_tangent,ground_mu,1.0,144.15589667017335,OPTIMAL,
far90,roll-8,opening_normal_tangent,arm_sim_cap_scale,0.1,49.53136484849013,OPTIMAL,
far90,roll-8,opening_normal_tangent,arm_sim_cap_scale,0.2,142.2198218140731,OPTIMAL,
far90,roll-8,opening_normal_tangent,pinch_mu_two45N,0.2,18.0,OPTIMAL,18.0
far90,roll-8,opening_normal_tangent,pinch_mu_two45N,0.4,36.0,OPTIMAL,36.0
far90,roll-8,opening_normal_tangent,pinch_mu_two45N,0.8,72.0,OPTIMAL,72.0
far90,roll-8,opening_normal_tangent,pinch_mu_PD_q014,0.2,7.28,OPTIMAL,7.28
far90,roll-8,opening_normal_tangent,pinch_mu_PD_q014,0.4,14.56,OPTIMAL,14.56
far90,roll-8,opening_normal_tangent,pinch_mu_PD_q014,0.8,29.12,OPTIMAL,29.12
far90,roll-8,closing_normal_tangent,ground_mu,0.3,99.90740439860474,OPTIMAL,
far90,roll-8,closing_normal_tangent,ground_mu,1.0,114.00164475457629,OPTIMAL,
far90,roll-8,closing_normal_tangent,arm_sim_cap_scale,0.1,8.732927702467624,OPTIMAL,
far90,roll-8,closing_normal_tangent,arm_sim_cap_scale,0.2,88.09843641952881,OPTIMAL,
far90,roll-8,closing_normal_tangent,pinch_mu_two45N,0.2,18.0,OPTIMAL,18.0
far90,roll-8,closing_normal_tangent,pinch_mu_two45N,0.4,36.0,OPTIMAL,36.0
far90,roll-8,closing_normal_tangent,pinch_mu_two45N,0.8,72.0,OPTIMAL,72.0
far90,roll-8,closing_normal_tangent,pinch_mu_PD_q014,0.2,7.28,OPTIMAL,7.28
far90,roll-8,closing_normal_tangent,pinch_mu_PD_q014,0.4,14.56,OPTIMAL,14.56
far90,roll-8,closing_normal_tangent,pinch_mu_PD_q014,0.8,29.12,OPTIMAL,29.12
far90,roll-8,handle_axis,ground_mu,0.3,47.23943372833884,OPTIMAL,
far90,roll-8,handle_axis,ground_mu,1.0,105.38872483846346,OPTIMAL,
far90,roll-8,handle_axis,arm_sim_cap_scale,0.1,19.577168460255944,OPTIMAL,
far90,roll-8,handle_axis,arm_sim_cap_scale,0.2,38.612685737576456,OPTIMAL,
far90,roll-8,handle_axis,pinch_mu_two45N,0.2,18.0,OPTIMAL,18.0
far90,roll-8,handle_axis,pinch_mu_two45N,0.4,36.0,OPTIMAL,36.0
far90,roll-8,handle_axis,pinch_mu_two45N,0.8,72.0,OPTIMAL,72.0
far90,roll-8,handle_axis,pinch_mu_PD_q014,0.2,7.28,OPTIMAL,7.28
far90,roll-8,handle_axis,pinch_mu_PD_q014,0.4,14.56,OPTIMAL,14.56
far90,roll-8,handle_axis,pinch_mu_PD_q014,0.8,29.12,OPTIMAL,29.12
far90,pitch+8,press_down,ground_mu,0.3,136.67939575927736,OPTIMAL,
far90,pitch+8,press_down,ground_mu,1.0,136.67939575927736,OPTIMAL,
far90,pitch+8,press_down,arm_sim_cap_scale,0.1,34.591120666386786,OPTIMAL,
far90,pitch+8,press_down,arm_sim_cap_scale,0.2,53.548588117433894,OPTIMAL,
far90,pitch+8,press_down,pinch_mu_two45N,0.2,90.0,OPTIMAL,90.0
far90,pitch+8,press_down,pinch_mu_two45N,0.4,90.0,OPTIMAL,90.0
far90,pitch+8,press_down,pinch_mu_two45N,0.8,90.0,OPTIMAL,90.0
far90,pitch+8,press_down,pinch_mu_PD_q014,0.2,36.4,OPTIMAL,36.4
far90,pitch+8,press_down,pinch_mu_PD_q014,0.4,36.4,OPTIMAL,36.4
far90,pitch+8,press_down,pinch_mu_PD_q014,0.8,36.4,OPTIMAL,36.4
far90,pitch+8,opening_normal_tangent,ground_mu,0.3,107.78064699885525,OPTIMAL,
far90,pitch+8,opening_normal_tangent,ground_mu,1.0,145.70631051920424,OPTIMAL,
far90,pitch+8,opening_normal_tangent,arm_sim_cap_scale,0.1,49.060644593918106,OPTIMAL,
far90,pitch+8,opening_normal_tangent,arm_sim_cap_scale,0.2,141.11101169148202,OPTIMAL,
far90,pitch+8,opening_normal_tangent,pinch_mu_two45N,0.2,18.0,OPTIMAL,18.0
far90,pitch+8,opening_normal_tangent,pinch_mu_two45N,0.4,36.0,OPTIMAL,36.0
far90,pitch+8,opening_normal_tangent,pinch_mu_two45N,0.8,72.0,OPTIMAL,72.0
far90,pitch+8,opening_normal_tangent,pinch_mu_PD_q014,0.2,7.28,OPTIMAL,7.28
far90,pitch+8,opening_normal_tangent,pinch_mu_PD_q014,0.4,14.56,OPTIMAL,14.56
far90,pitch+8,opening_normal_tangent,pinch_mu_PD_q014,0.8,29.12,OPTIMAL,29.12
far90,pitch+8,closing_normal_tangent,ground_mu,0.3,98.28904486494284,OPTIMAL,
far90,pitch+8,closing_normal_tangent,ground_mu,1.0,112.45123090640402,OPTIMAL,
far90,pitch+8,closing_normal_tangent,arm_sim_cap_scale,0.1,14.242460295972903,OPTIMAL,
far90,pitch+8,closing_normal_tangent,arm_sim_cap_scale,0.2,95.474730915414,OPTIMAL,
far90,pitch+8,closing_normal_tangent,pinch_mu_two45N,0.2,18.0,OPTIMAL,18.0
far90,pitch+8,closing_normal_tangent,pinch_mu_two45N,0.4,36.0,OPTIMAL,36.0
far90,pitch+8,closing_normal_tangent,pinch_mu_two45N,0.8,72.0,OPTIMAL,72.0
far90,pitch+8,closing_normal_tangent,pinch_mu_PD_q014,0.2,7.28,OPTIMAL,7.28
far90,pitch+8,closing_normal_tangent,pinch_mu_PD_q014,0.4,14.56,OPTIMAL,14.56
far90,pitch+8,closing_normal_tangent,pinch_mu_PD_q014,0.8,29.12,OPTIMAL,29.12
far90,pitch+8,handle_axis,ground_mu,0.3,47.3600142211813,OPTIMAL,
far90,pitch+8,handle_axis,ground_mu,1.0,103.3853230478885,OPTIMAL,
far90,pitch+8,handle_axis,arm_sim_cap_scale,0.1,19.566750520298466,OPTIMAL,
far90,pitch+8,handle_axis,arm_sim_cap_scale,0.2,39.786738569150394,OPTIMAL,
far90,pitch+8,handle_axis,pinch_mu_two45N,0.2,18.0,OPTIMAL,18.0
far90,pitch+8,handle_axis,pinch_mu_two45N,0.4,36.0,OPTIMAL,36.0
far90,pitch+8,handle_axis,pinch_mu_two45N,0.8,72.0,OPTIMAL,72.0
far90,pitch+8,handle_axis,pinch_mu_PD_q014,0.2,7.28,OPTIMAL,7.28
far90,pitch+8,handle_axis,pinch_mu_PD_q014,0.4,14.56,OPTIMAL,14.56
far90,pitch+8,handle_axis,pinch_mu_PD_q014,0.8,29.12,OPTIMAL,29.12
far90,pitch-8,press_down,ground_mu,0.3,134.178985394013,OPTIMAL,
far90,pitch-8,press_down,ground_mu,1.0,134.178985394013,OPTIMAL,
far90,pitch-8,press_down,arm_sim_cap_scale,0.1,33.395085589499,OPTIMAL,
far90,pitch-8,press_down,arm_sim_cap_scale,0.2,49.94966878000417,OPTIMAL,
far90,pitch-8,press_down,pinch_mu_two45N,0.2,90.0,OPTIMAL,90.0
far90,pitch-8,press_down,pinch_mu_two45N,0.4,90.0,OPTIMAL,90.0
far90,pitch-8,press_down,pinch_mu_two45N,0.8,90.0,OPTIMAL,90.0
far90,pitch-8,press_down,pinch_mu_PD_q014,0.2,36.4,OPTIMAL,36.4
far90,pitch-8,press_down,pinch_mu_PD_q014,0.4,36.4,OPTIMAL,36.4
far90,pitch-8,press_down,pinch_mu_PD_q014,0.8,36.4,OPTIMAL,36.4
far90,pitch-8,opening_normal_tangent,ground_mu,0.3,107.92789172188876,OPTIMAL,
far90,pitch-8,opening_normal_tangent,ground_mu,1.0,143.04076194047985,OPTIMAL,
far90,pitch-8,opening_normal_tangent,arm_sim_cap_scale,0.1,54.84158721235768,OPTIMAL,
far90,pitch-8,opening_normal_tangent,arm_sim_cap_scale,0.2,143.04076194047985,OPTIMAL,
far90,pitch-8,opening_normal_tangent,pinch_mu_two45N,0.2,18.0,OPTIMAL,18.0
far90,pitch-8,opening_normal_tangent,pinch_mu_two45N,0.4,36.0,OPTIMAL,36.0
far90,pitch-8,opening_normal_tangent,pinch_mu_two45N,0.8,72.0,OPTIMAL,72.0
far90,pitch-8,opening_normal_tangent,pinch_mu_PD_q014,0.2,7.28,OPTIMAL,7.28
far90,pitch-8,opening_normal_tangent,pinch_mu_PD_q014,0.4,14.56,OPTIMAL,14.56
far90,pitch-8,opening_normal_tangent,pinch_mu_PD_q014,0.8,29.12,OPTIMAL,29.12
far90,pitch-8,closing_normal_tangent,ground_mu,0.3,99.64752179959102,OPTIMAL,
far90,pitch-8,closing_normal_tangent,ground_mu,1.0,115.11677948519835,OPTIMAL,
far90,pitch-8,closing_normal_tangent,arm_sim_cap_scale,0.1,,INFEASIBLE,
far90,pitch-8,closing_normal_tangent,arm_sim_cap_scale,0.2,100.03121802615125,OPTIMAL,
far90,pitch-8,closing_normal_tangent,pinch_mu_two45N,0.2,18.0,OPTIMAL,18.0
far90,pitch-8,closing_normal_tangent,pinch_mu_two45N,0.4,36.0,OPTIMAL,36.0
far90,pitch-8,closing_normal_tangent,pinch_mu_two45N,0.8,72.0,OPTIMAL,72.0
far90,pitch-8,closing_normal_tangent,pinch_mu_PD_q014,0.2,7.28,OPTIMAL,7.28
far90,pitch-8,closing_normal_tangent,pinch_mu_PD_q014,0.4,14.56,OPTIMAL,14.56
far90,pitch-8,closing_normal_tangent,pinch_mu_PD_q014,0.8,29.12,OPTIMAL,29.12
far90,pitch-8,handle_axis,ground_mu,0.3,47.15270624241575,OPTIMAL,
far90,pitch-8,handle_axis,ground_mu,1.0,103.7029042835495,OPTIMAL,
far90,pitch-8,handle_axis,arm_sim_cap_scale,0.1,,INFEASIBLE,
far90,pitch-8,handle_axis,arm_sim_cap_scale,0.2,33.83571137469403,OPTIMAL,
far90,pitch-8,handle_axis,pinch_mu_two45N,0.2,18.0,OPTIMAL,18.0
far90,pitch-8,handle_axis,pinch_mu_two45N,0.4,36.0,OPTIMAL,36.0
far90,pitch-8,handle_axis,pinch_mu_two45N,0.8,72.0,OPTIMAL,72.0
far90,pitch-8,handle_axis,pinch_mu_PD_q014,0.2,7.28,OPTIMAL,7.28
far90,pitch-8,handle_axis,pinch_mu_PD_q014,0.4,14.56,OPTIMAL,14.56
far90,pitch-8,handle_axis,pinch_mu_PD_q014,0.8,29.12,OPTIMAL,29.12
high120,neutral,press_down,ground_mu,0.3,147.9030761599683,OPTIMAL,
high120,neutral,press_down,ground_mu,1.0,147.90307615996824,OPTIMAL,
high120,neutral,press_down,arm_sim_cap_scale,0.1,35.53714157502811,OPTIMAL,
high120,neutral,press_down,arm_sim_cap_scale,0.2,57.51516355367665,OPTIMAL,
high120,neutral,press_down,pinch_mu_two45N,0.2,90.0,OPTIMAL,90.0
high120,neutral,press_down,pinch_mu_two45N,0.4,90.0,OPTIMAL,90.0
high120,neutral,press_down,pinch_mu_two45N,0.8,90.0,OPTIMAL,90.0
high120,neutral,press_down,pinch_mu_PD_q014,0.2,36.4,OPTIMAL,36.4
high120,neutral,press_down,pinch_mu_PD_q014,0.4,36.4,OPTIMAL,36.4
high120,neutral,press_down,pinch_mu_PD_q014,0.8,36.4,OPTIMAL,36.4
high120,neutral,opening_normal_tangent,ground_mu,0.3,105.92818314576928,OPTIMAL,
high120,neutral,opening_normal_tangent,ground_mu,1.0,105.92818314576928,OPTIMAL,
high120,neutral,opening_normal_tangent,arm_sim_cap_scale,0.1,38.97198348906391,OPTIMAL,
high120,neutral,opening_normal_tangent,arm_sim_cap_scale,0.2,63.07429086980314,OPTIMAL,
high120,neutral,opening_normal_tangent,pinch_mu_two45N,0.2,18.0,OPTIMAL,18.0
high120,neutral,opening_normal_tangent,pinch_mu_two45N,0.4,36.0,OPTIMAL,36.0
high120,neutral,opening_normal_tangent,pinch_mu_two45N,0.8,72.0,OPTIMAL,72.0
high120,neutral,opening_normal_tangent,pinch_mu_PD_q014,0.2,7.28,OPTIMAL,7.28
high120,neutral,opening_normal_tangent,pinch_mu_PD_q014,0.4,14.56,OPTIMAL,14.56
high120,neutral,opening_normal_tangent,pinch_mu_PD_q014,0.8,29.12,OPTIMAL,29.12
high120,neutral,closing_normal_tangent,ground_mu,0.3,87.68997292345342,OPTIMAL,
high120,neutral,closing_normal_tangent,ground_mu,1.0,87.68997292345344,OPTIMAL,
high120,neutral,closing_normal_tangent,arm_sim_cap_scale,0.1,9.232631272414558,OPTIMAL,
high120,neutral,closing_normal_tangent,arm_sim_cap_scale,0.2,33.33493865315379,OPTIMAL,
high120,neutral,closing_normal_tangent,pinch_mu_two45N,0.2,18.0,OPTIMAL,18.0
high120,neutral,closing_normal_tangent,pinch_mu_two45N,0.4,36.0,OPTIMAL,36.0
high120,neutral,closing_normal_tangent,pinch_mu_two45N,0.8,72.0,OPTIMAL,72.0
high120,neutral,closing_normal_tangent,pinch_mu_PD_q014,0.2,7.28,OPTIMAL,7.28
high120,neutral,closing_normal_tangent,pinch_mu_PD_q014,0.4,14.56,OPTIMAL,14.56
high120,neutral,closing_normal_tangent,pinch_mu_PD_q014,0.8,29.12,OPTIMAL,29.12
high120,neutral,handle_axis,ground_mu,0.3,53.592053099281415,OPTIMAL,
high120,neutral,handle_axis,ground_mu,1.0,75.60596471919669,OPTIMAL,
high120,neutral,handle_axis,arm_sim_cap_scale,0.1,21.978021978021975,OPTIMAL,
high120,neutral,handle_axis,arm_sim_cap_scale,0.2,43.95604395604395,OPTIMAL,
high120,neutral,handle_axis,pinch_mu_two45N,0.2,18.0,OPTIMAL,18.0
high120,neutral,handle_axis,pinch_mu_two45N,0.4,36.0,OPTIMAL,36.0
high120,neutral,handle_axis,pinch_mu_two45N,0.8,72.0,OPTIMAL,72.0
high120,neutral,handle_axis,pinch_mu_PD_q014,0.2,7.28,OPTIMAL,7.28
high120,neutral,handle_axis,pinch_mu_PD_q014,0.4,14.56,OPTIMAL,14.56
high120,neutral,handle_axis,pinch_mu_PD_q014,0.8,29.12,OPTIMAL,29.12
high120,roll+8,press_down,ground_mu,0.3,148.04767122232235,OPTIMAL,
high120,roll+8,press_down,ground_mu,1.0,148.04767122232232,OPTIMAL,
high120,roll+8,press_down,arm_sim_cap_scale,0.1,36.541103903829026,OPTIMAL,
high120,roll+8,press_down,arm_sim_cap_scale,0.2,59.34580865173145,OPTIMAL,
high120,roll+8,press_down,pinch_mu_two45N,0.2,90.0,OPTIMAL,90.0
high120,roll+8,press_down,pinch_mu_two45N,0.4,90.0,OPTIMAL,90.0
high120,roll+8,press_down,pinch_mu_two45N,0.8,90.0,OPTIMAL,90.0
high120,roll+8,press_down,pinch_mu_PD_q014,0.2,36.4,OPTIMAL,36.4
high120,roll+8,press_down,pinch_mu_PD_q014,0.4,36.4,OPTIMAL,36.4
high120,roll+8,press_down,pinch_mu_PD_q014,0.8,36.4,OPTIMAL,36.4
high120,roll+8,opening_normal_tangent,ground_mu,0.3,106.0317421294274,OPTIMAL,
high120,roll+8,opening_normal_tangent,ground_mu,1.0,106.0317421294274,OPTIMAL,
high120,roll+8,opening_normal_tangent,arm_sim_cap_scale,0.1,41.483561146178886,OPTIMAL,
high120,roll+8,opening_normal_tangent,arm_sim_cap_scale,0.2,67.37277254821964,OPTIMAL,
high120,roll+8,opening_normal_tangent,pinch_mu_two45N,0.2,18.0,OPTIMAL,18.0
high120,roll+8,opening_normal_tangent,pinch_mu_two45N,0.4,36.0,OPTIMAL,36.0
high120,roll+8,opening_normal_tangent,pinch_mu_two45N,0.8,72.0,OPTIMAL,72.0
high120,roll+8,opening_normal_tangent,pinch_mu_PD_q014,0.2,7.28,OPTIMAL,7.28
high120,roll+8,opening_normal_tangent,pinch_mu_PD_q014,0.4,14.56,OPTIMAL,14.56
high120,roll+8,opening_normal_tangent,pinch_mu_PD_q014,0.8,29.12,OPTIMAL,29.12
high120,roll+8,closing_normal_tangent,ground_mu,0.3,87.58641393982333,OPTIMAL,
high120,roll+8,closing_normal_tangent,ground_mu,1.0,87.58641393982333,OPTIMAL,
high120,roll+8,closing_normal_tangent,arm_sim_cap_scale,0.1,10.294861657902631,OPTIMAL,
high120,roll+8,closing_normal_tangent,arm_sim_cap_scale,0.2,36.184073059943394,OPTIMAL,
high120,roll+8,closing_normal_tangent,pinch_mu_two45N,0.2,18.0,OPTIMAL,18.0
high120,roll+8,closing_normal_tangent,pinch_mu_two45N,0.4,36.0,OPTIMAL,36.0
high120,roll+8,closing_normal_tangent,pinch_mu_two45N,0.8,72.0,OPTIMAL,72.0
high120,roll+8,closing_normal_tangent,pinch_mu_PD_q014,0.2,7.28,OPTIMAL,7.28
high120,roll+8,closing_normal_tangent,pinch_mu_PD_q014,0.4,14.56,OPTIMAL,14.56
high120,roll+8,closing_normal_tangent,pinch_mu_PD_q014,0.8,29.12,OPTIMAL,29.12
high120,roll+8,handle_axis,ground_mu,0.3,53.204761607532554,OPTIMAL,
high120,roll+8,handle_axis,ground_mu,1.0,74.19052035582138,OPTIMAL,
high120,roll+8,handle_axis,arm_sim_cap_scale,0.1,20.255937531550472,OPTIMAL,
high120,roll+8,handle_axis,arm_sim_cap_scale,0.2,42.44995011438327,OPTIMAL,
high120,roll+8,handle_axis,pinch_mu_two45N,0.2,18.0,OPTIMAL,18.0
high120,roll+8,handle_axis,pinch_mu_two45N,0.4,36.0,OPTIMAL,36.0
high120,roll+8,handle_axis,pinch_mu_two45N,0.8,72.0,OPTIMAL,72.0
high120,roll+8,handle_axis,pinch_mu_PD_q014,0.2,7.28,OPTIMAL,7.28
high120,roll+8,handle_axis,pinch_mu_PD_q014,0.4,14.56,OPTIMAL,14.56
high120,roll+8,handle_axis,pinch_mu_PD_q014,0.8,29.12,OPTIMAL,29.12
high120,roll-8,press_down,ground_mu,0.3,148.0588032156351,OPTIMAL,
high120,roll-8,press_down,ground_mu,1.0,148.05880321563518,OPTIMAL,
high120,roll-8,press_down,arm_sim_cap_scale,0.1,36.559202589385755,OPTIMAL,
high120,roll-8,press_down,arm_sim_cap_scale,0.2,59.36399955084624,OPTIMAL,
high120,roll-8,press_down,pinch_mu_two45N,0.2,90.0,OPTIMAL,90.0
high120,roll-8,press_down,pinch_mu_two45N,0.4,90.0,OPTIMAL,90.0
high120,roll-8,press_down,pinch_mu_two45N,0.8,90.0,OPTIMAL,90.0
high120,roll-8,press_down,pinch_mu_PD_q014,0.2,36.4,OPTIMAL,36.4
high120,roll-8,press_down,pinch_mu_PD_q014,0.4,36.4,OPTIMAL,36.4
high120,roll-8,press_down,pinch_mu_PD_q014,0.8,36.4,OPTIMAL,36.4
high120,roll-8,opening_normal_tangent,ground_mu,0.3,106.03971486303794,OPTIMAL,
high120,roll-8,opening_normal_tangent,ground_mu,1.0,106.03971486303794,OPTIMAL,
high120,roll-8,opening_normal_tangent,arm_sim_cap_scale,0.1,41.504183615405445,OPTIMAL,
high120,roll-8,opening_normal_tangent,arm_sim_cap_scale,0.2,67.3935469866758,OPTIMAL,
high120,roll-8,opening_normal_tangent,pinch_mu_two45N,0.2,18.0,OPTIMAL,18.0
high120,roll-8,opening_normal_tangent,pinch_mu_two45N,0.4,36.0,OPTIMAL,36.0
high120,roll-8,opening_normal_tangent,pinch_mu_two45N,0.8,72.0,OPTIMAL,72.0
high120,roll-8,opening_normal_tangent,pinch_mu_PD_q014,0.2,7.28,OPTIMAL,7.28
high120,roll-8,opening_normal_tangent,pinch_mu_PD_q014,0.4,14.56,OPTIMAL,14.56
high120,roll-8,opening_normal_tangent,pinch_mu_PD_q014,0.8,29.12,OPTIMAL,29.12
high120,roll-8,closing_normal_tangent,ground_mu,0.3,87.57844120618482,OPTIMAL,
high120,roll-8,closing_normal_tangent,ground_mu,1.0,87.57844120618482,OPTIMAL,
high120,roll-8,closing_normal_tangent,arm_sim_cap_scale,0.1,10.274543127135278,OPTIMAL,
high120,roll-8,closing_normal_tangent,arm_sim_cap_scale,0.2,36.16390649840564,OPTIMAL,
high120,roll-8,closing_normal_tangent,pinch_mu_two45N,0.2,18.0,OPTIMAL,18.0
high120,roll-8,closing_normal_tangent,pinch_mu_two45N,0.4,36.0,OPTIMAL,36.0
high120,roll-8,closing_normal_tangent,pinch_mu_two45N,0.8,72.0,OPTIMAL,72.0
high120,roll-8,closing_normal_tangent,pinch_mu_PD_q014,0.2,7.28,OPTIMAL,7.28
high120,roll-8,closing_normal_tangent,pinch_mu_PD_q014,0.4,14.56,OPTIMAL,14.56
high120,roll-8,closing_normal_tangent,pinch_mu_PD_q014,0.8,29.12,OPTIMAL,29.12
high120,roll-8,handle_axis,ground_mu,0.3,54.04347624683785,OPTIMAL,
high120,roll-8,handle_axis,ground_mu,1.0,77.02355367708422,OPTIMAL,
high120,roll-8,handle_axis,arm_sim_cap_scale,0.1,20.347586826203564,OPTIMAL,
high120,roll-8,handle_axis,arm_sim_cap_scale,0.2,46.329058438901995,OPTIMAL,
high120,roll-8,handle_axis,pinch_mu_two45N,0.2,18.0,OPTIMAL,18.0
high120,roll-8,handle_axis,pinch_mu_two45N,0.4,36.0,OPTIMAL,36.0
high120,roll-8,handle_axis,pinch_mu_two45N,0.8,72.0,OPTIMAL,72.0
high120,roll-8,handle_axis,pinch_mu_PD_q014,0.2,7.28,OPTIMAL,7.28
high120,roll-8,handle_axis,pinch_mu_PD_q014,0.4,14.56,OPTIMAL,14.56
high120,roll-8,handle_axis,pinch_mu_PD_q014,0.8,29.12,OPTIMAL,29.12
high120,pitch+8,press_down,ground_mu,0.3,149.53658387742055,OPTIMAL,
high120,pitch+8,press_down,ground_mu,1.0,149.53658387742055,OPTIMAL,
high120,pitch+8,press_down,arm_sim_cap_scale,0.1,36.60033808170997,OPTIMAL,
high120,pitch+8,press_down,arm_sim_cap_scale,0.2,60.479547568863275,OPTIMAL,
high120,pitch+8,press_down,pinch_mu_two45N,0.2,90.0,OPTIMAL,90.0
high120,pitch+8,press_down,pinch_mu_two45N,0.4,90.0,OPTIMAL,90.0
high120,pitch+8,press_down,pinch_mu_two45N,0.8,90.0,OPTIMAL,90.0
high120,pitch+8,press_down,pinch_mu_PD_q014,0.2,36.4,OPTIMAL,36.4
high120,pitch+8,press_down,pinch_mu_PD_q014,0.4,36.4,OPTIMAL,36.4
high120,pitch+8,press_down,pinch_mu_PD_q014,0.8,36.4,OPTIMAL,36.4
high120,pitch+8,opening_normal_tangent,ground_mu,0.3,107.09810137301037,OPTIMAL,
high120,pitch+8,opening_normal_tangent,ground_mu,1.0,107.09810137301037,OPTIMAL,
high120,pitch+8,opening_normal_tangent,arm_sim_cap_scale,0.1,35.01698300314228,OPTIMAL,
high120,pitch+8,opening_normal_tangent,arm_sim_cap_scale,0.2,57.86316193387676,OPTIMAL,
high120,pitch+8,opening_normal_tangent,pinch_mu_two45N,0.2,18.0,OPTIMAL,18.0
high120,pitch+8,opening_normal_tangent,pinch_mu_two45N,0.4,36.0,OPTIMAL,36.0
high120,pitch+8,opening_normal_tangent,pinch_mu_two45N,0.8,72.0,OPTIMAL,72.0
high120,pitch+8,opening_normal_tangent,pinch_mu_PD_q014,0.2,7.28,OPTIMAL,7.28
high120,pitch+8,opening_normal_tangent,pinch_mu_PD_q014,0.4,14.56,OPTIMAL,14.56
high120,pitch+8,opening_normal_tangent,pinch_mu_PD_q014,0.8,29.12,OPTIMAL,29.12
high120,pitch+8,closing_normal_tangent,ground_mu,0.3,86.5200546961994,OPTIMAL,
high120,pitch+8,closing_normal_tangent,ground_mu,1.0,86.5200546961994,OPTIMAL,
high120,pitch+8,closing_normal_tangent,arm_sim_cap_scale,0.1,10.675374858326668,OPTIMAL,
high120,pitch+8,closing_normal_tangent,arm_sim_cap_scale,0.2,33.521553789061144,OPTIMAL,
high120,pitch+8,closing_normal_tangent,pinch_mu_two45N,0.2,18.0,OPTIMAL,18.0
high120,pitch+8,closing_normal_tangent,pinch_mu_two45N,0.4,36.0,OPTIMAL,36.0
high120,pitch+8,closing_normal_tangent,pinch_mu_two45N,0.8,72.0,OPTIMAL,72.0
high120,pitch+8,closing_normal_tangent,pinch_mu_PD_q014,0.2,7.28,OPTIMAL,7.28
high120,pitch+8,closing_normal_tangent,pinch_mu_PD_q014,0.4,14.56,OPTIMAL,14.56
high120,pitch+8,closing_normal_tangent,pinch_mu_PD_q014,0.8,29.12,OPTIMAL,29.12
high120,pitch+8,handle_axis,ground_mu,0.3,53.93743463758881,OPTIMAL,
high120,pitch+8,handle_axis,ground_mu,1.0,75.60596888937604,OPTIMAL,
high120,pitch+8,handle_axis,arm_sim_cap_scale,0.1,28.265377096049217,OPTIMAL,
high120,pitch+8,handle_axis,arm_sim_cap_scale,0.2,56.531419595373755,OPTIMAL,
high120,pitch+8,handle_axis,pinch_mu_two45N,0.2,18.0,OPTIMAL,18.0
high120,pitch+8,handle_axis,pinch_mu_two45N,0.4,36.0,OPTIMAL,36.0
high120,pitch+8,handle_axis,pinch_mu_two45N,0.8,72.0,OPTIMAL,72.0
high120,pitch+8,handle_axis,pinch_mu_PD_q014,0.2,7.28,OPTIMAL,7.28
high120,pitch+8,handle_axis,pinch_mu_PD_q014,0.4,14.56,OPTIMAL,14.56
high120,pitch+8,handle_axis,pinch_mu_PD_q014,0.8,29.12,OPTIMAL,29.12
high120,pitch-8,press_down,ground_mu,0.3,146.6959945415664,OPTIMAL,
high120,pitch-8,press_down,ground_mu,1.0,146.69599454156636,OPTIMAL,
high120,pitch-8,press_down,arm_sim_cap_scale,0.1,34.77580440606472,OPTIMAL,
high120,pitch-8,press_down,arm_sim_cap_scale,0.2,55.01675559983533,OPTIMAL,
high120,pitch-8,press_down,pinch_mu_two45N,0.2,90.0,OPTIMAL,90.0
high120,pitch-8,press_down,pinch_mu_two45N,0.4,90.0,OPTIMAL,90.0
high120,pitch-8,press_down,pinch_mu_two45N,0.8,90.0,OPTIMAL,90.0
high120,pitch-8,press_down,pinch_mu_PD_q014,0.2,36.4,OPTIMAL,36.4
high120,pitch-8,press_down,pinch_mu_PD_q014,0.4,36.4,OPTIMAL,36.4
high120,pitch-8,press_down,pinch_mu_PD_q014,0.8,36.4,OPTIMAL,36.4
high120,pitch-8,opening_normal_tangent,ground_mu,0.3,105.06367129067002,OPTIMAL,
high120,pitch-8,opening_normal_tangent,ground_mu,1.0,105.06367129067002,OPTIMAL,
high120,pitch-8,opening_normal_tangent,arm_sim_cap_scale,0.1,43.23876830133848,OPTIMAL,
high120,pitch-8,opening_normal_tangent,arm_sim_cap_scale,0.2,68.40551322107693,OPTIMAL,
high120,pitch-8,opening_normal_tangent,pinch_mu_two45N,0.2,18.0,OPTIMAL,18.0
high120,pitch-8,opening_normal_tangent,pinch_mu_two45N,0.4,36.0,OPTIMAL,36.0
high120,pitch-8,opening_normal_tangent,pinch_mu_two45N,0.8,72.0,OPTIMAL,72.0
high120,pitch-8,opening_normal_tangent,pinch_mu_PD_q014,0.2,7.28,OPTIMAL,7.28
high120,pitch-8,opening_normal_tangent,pinch_mu_PD_q014,0.4,14.56,OPTIMAL,14.56
high120,pitch-8,opening_normal_tangent,pinch_mu_PD_q014,0.8,29.12,OPTIMAL,29.12
high120,pitch-8,closing_normal_tangent,ground_mu,0.3,88.55448477858039,OPTIMAL,
high120,pitch-8,closing_normal_tangent,ground_mu,1.0,88.55448477858039,OPTIMAL,
high120,pitch-8,closing_normal_tangent,arm_sim_cap_scale,0.1,7.094721538138426,OPTIMAL,
high120,pitch-8,closing_normal_tangent,arm_sim_cap_scale,0.2,32.26146645787688,OPTIMAL,
high120,pitch-8,closing_normal_tangent,pinch_mu_two45N,0.2,18.0,OPTIMAL,18.0
high120,pitch-8,closing_normal_tangent,pinch_mu_two45N,0.4,36.0,OPTIMAL,36.0
high120,pitch-8,closing_normal_tangent,pinch_mu_two45N,0.8,72.0,OPTIMAL,72.0
high120,pitch-8,closing_normal_tangent,pinch_mu_PD_q014,0.2,7.28,OPTIMAL,7.28
high120,pitch-8,closing_normal_tangent,pinch_mu_PD_q014,0.4,14.56,OPTIMAL,14.56
high120,pitch-8,closing_normal_tangent,pinch_mu_PD_q014,0.8,29.12,OPTIMAL,29.12
high120,pitch-8,handle_axis,ground_mu,0.3,53.33683337589017,OPTIMAL,
high120,pitch-8,handle_axis,ground_mu,1.0,75.60596229794554,OPTIMAL,
high120,pitch-8,handle_axis,arm_sim_cap_scale,0.1,18.364544499332453,OPTIMAL,
high120,pitch-8,handle_axis,arm_sim_cap_scale,0.2,36.72865871543241,OPTIMAL,
high120,pitch-8,handle_axis,pinch_mu_two45N,0.2,18.0,OPTIMAL,18.0
high120,pitch-8,handle_axis,pinch_mu_two45N,0.4,36.0,OPTIMAL,36.0
high120,pitch-8,handle_axis,pinch_mu_two45N,0.8,72.0,OPTIMAL,72.0
high120,pitch-8,handle_axis,pinch_mu_PD_q014,0.2,7.28,OPTIMAL,7.28
high120,pitch-8,handle_axis,pinch_mu_PD_q014,0.4,14.56,OPTIMAL,14.56
high120,pitch-8,handle_axis,pinch_mu_PD_q014,0.8,29.12,OPTIMAL,29.12
left105,neutral,press_down,ground_mu,0.3,155.28317988646108,OPTIMAL,
left105,neutral,press_down,ground_mu,1.0,155.28317988646108,OPTIMAL,
left105,neutral,press_down,arm_sim_cap_scale,0.1,36.454978811803215,OPTIMAL,
left105,neutral,press_down,arm_sim_cap_scale,0.2,60.58321623703553,OPTIMAL,
left105,neutral,press_down,pinch_mu_two45N,0.2,90.0,OPTIMAL,90.0
left105,neutral,press_down,pinch_mu_two45N,0.4,90.0,OPTIMAL,90.0
left105,neutral,press_down,pinch_mu_two45N,0.8,90.0,OPTIMAL,90.0
left105,neutral,press_down,pinch_mu_PD_q014,0.2,36.4,OPTIMAL,36.4
left105,neutral,press_down,pinch_mu_PD_q014,0.4,36.4,OPTIMAL,36.4
left105,neutral,press_down,pinch_mu_PD_q014,0.8,36.4,OPTIMAL,36.4
left105,neutral,opening_normal_tangent,ground_mu,0.3,102.81639837918175,OPTIMAL,
left105,neutral,opening_normal_tangent,ground_mu,1.0,119.70706393071177,OPTIMAL,
left105,neutral,opening_normal_tangent,arm_sim_cap_scale,0.1,64.3836481518128,OPTIMAL,
left105,neutral,opening_normal_tangent,arm_sim_cap_scale,0.2,106.99686586699048,OPTIMAL,
left105,neutral,opening_normal_tangent,pinch_mu_two45N,0.2,18.0,OPTIMAL,18.0
left105,neutral,opening_normal_tangent,pinch_mu_two45N,0.4,36.0,OPTIMAL,36.0
left105,neutral,opening_normal_tangent,pinch_mu_two45N,0.8,72.0,OPTIMAL,72.0
left105,neutral,opening_normal_tangent,pinch_mu_PD_q014,0.2,7.28,OPTIMAL,7.28
left105,neutral,opening_normal_tangent,pinch_mu_PD_q014,0.4,14.56,OPTIMAL,14.56
left105,neutral,opening_normal_tangent,pinch_mu_PD_q014,0.8,29.12,OPTIMAL,29.12
left105,neutral,closing_normal_tangent,ground_mu,0.3,93.86062596323933,OPTIMAL,
left105,neutral,closing_normal_tangent,ground_mu,1.0,101.57082871980197,OPTIMAL,
left105,neutral,closing_normal_tangent,arm_sim_cap_scale,0.1,20.84278727854253,OPTIMAL,
left105,neutral,closing_normal_tangent,arm_sim_cap_scale,0.2,63.45600499372019,OPTIMAL,
left105,neutral,closing_normal_tangent,pinch_mu_two45N,0.2,18.0,OPTIMAL,18.0
left105,neutral,closing_normal_tangent,pinch_mu_two45N,0.4,36.0,OPTIMAL,36.0
left105,neutral,closing_normal_tangent,pinch_mu_two45N,0.8,72.0,OPTIMAL,72.0
left105,neutral,closing_normal_tangent,pinch_mu_PD_q014,0.2,7.28,OPTIMAL,7.28
left105,neutral,closing_normal_tangent,pinch_mu_PD_q014,0.4,14.56,OPTIMAL,14.56
left105,neutral,closing_normal_tangent,pinch_mu_PD_q014,0.8,29.12,OPTIMAL,29.12
left105,neutral,handle_axis,ground_mu,0.3,58.32849149369937,OPTIMAL,
left105,neutral,handle_axis,ground_mu,1.0,88.50528202216645,OPTIMAL,
left105,neutral,handle_axis,arm_sim_cap_scale,0.1,24.691358024704975,OPTIMAL,
left105,neutral,handle_axis,arm_sim_cap_scale,0.2,49.38271604940995,OPTIMAL,
left105,neutral,handle_axis,pinch_mu_two45N,0.2,18.0,OPTIMAL,18.0
left105,neutral,handle_axis,pinch_mu_two45N,0.4,36.0,OPTIMAL,36.0
left105,neutral,handle_axis,pinch_mu_two45N,0.8,72.0,OPTIMAL,72.0
left105,neutral,handle_axis,pinch_mu_PD_q014,0.2,7.28,OPTIMAL,7.28
left105,neutral,handle_axis,pinch_mu_PD_q014,0.4,14.56,OPTIMAL,14.56
left105,neutral,handle_axis,pinch_mu_PD_q014,0.8,29.12,OPTIMAL,29.12
left105,roll+8,press_down,ground_mu,0.3,154.97012678849714,OPTIMAL,
left105,roll+8,press_down,ground_mu,1.0,154.97012678849714,OPTIMAL,
left105,roll+8,press_down,arm_sim_cap_scale,0.1,35.84178023232292,OPTIMAL,
left105,roll+8,press_down,arm_sim_cap_scale,0.2,59.71500348862272,OPTIMAL,
left105,roll+8,press_down,pinch_mu_two45N,0.2,90.0,OPTIMAL,90.0
left105,roll+8,press_down,pinch_mu_two45N,0.4,90.0,OPTIMAL,90.0
left105,roll+8,press_down,pinch_mu_two45N,0.8,90.0,OPTIMAL,90.0
left105,roll+8,press_down,pinch_mu_PD_q014,0.2,36.4,OPTIMAL,36.4
left105,roll+8,press_down,pinch_mu_PD_q014,0.4,36.4,OPTIMAL,36.4
left105,roll+8,press_down,pinch_mu_PD_q014,0.8,36.4,OPTIMAL,36.4
left105,roll+8,opening_normal_tangent,ground_mu,0.3,103.5920075571096,OPTIMAL,
left105,roll+8,opening_normal_tangent,ground_mu,1.0,119.46573278826415,OPTIMAL,
left105,roll+8,opening_normal_tangent,arm_sim_cap_scale,0.1,54.072933536964314,OPTIMAL,
left105,roll+8,opening_normal_tangent,arm_sim_cap_scale,0.2,90.92327883170145,OPTIMAL,
left105,roll+8,opening_normal_tangent,pinch_mu_two45N,0.2,18.0,OPTIMAL,18.0
left105,roll+8,opening_normal_tangent,pinch_mu_two45N,0.4,36.0,OPTIMAL,36.0
left105,roll+8,opening_normal_tangent,pinch_mu_two45N,0.8,72.0,OPTIMAL,72.0
left105,roll+8,opening_normal_tangent,pinch_mu_PD_q014,0.2,7.28,OPTIMAL,7.28
left105,roll+8,opening_normal_tangent,pinch_mu_PD_q014,0.4,14.56,OPTIMAL,14.56
left105,roll+8,opening_normal_tangent,pinch_mu_PD_q014,0.8,29.12,OPTIMAL,29.12
left105,roll+8,closing_normal_tangent,ground_mu,0.3,94.87457642465316,OPTIMAL,
left105,roll+8,closing_normal_tangent,ground_mu,1.0,101.81215986227167,OPTIMAL,
left105,roll+8,closing_normal_tangent,arm_sim_cap_scale,0.1,19.627757052509946,OPTIMAL,
left105,roll+8,closing_normal_tangent,arm_sim_cap_scale,0.2,56.47810234724708,OPTIMAL,
left105,roll+8,closing_normal_tangent,pinch_mu_two45N,0.2,18.0,OPTIMAL,18.0
left105,roll+8,closing_normal_tangent,pinch_mu_two45N,0.4,36.0,OPTIMAL,36.0
left105,roll+8,closing_normal_tangent,pinch_mu_two45N,0.8,72.0,OPTIMAL,72.0
left105,roll+8,closing_normal_tangent,pinch_mu_PD_q014,0.2,7.28,OPTIMAL,7.28
left105,roll+8,closing_normal_tangent,pinch_mu_PD_q014,0.4,14.56,OPTIMAL,14.56
left105,roll+8,closing_normal_tangent,pinch_mu_PD_q014,0.8,29.12,OPTIMAL,29.12
left105,roll+8,handle_axis,ground_mu,0.3,58.45839465305802,OPTIMAL,
left105,roll+8,handle_axis,ground_mu,1.0,90.31729069334172,OPTIMAL,
left105,roll+8,handle_axis,arm_sim_cap_scale,0.1,26.487054112483197,OPTIMAL,
left105,roll+8,handle_axis,arm_sim_cap_scale,0.2,51.42106824874592,OPTIMAL,
left105,roll+8,handle_axis,pinch_mu_two45N,0.2,18.0,OPTIMAL,18.0
left105,roll+8,handle_axis,pinch_mu_two45N,0.4,36.0,OPTIMAL,36.0
left105,roll+8,handle_axis,pinch_mu_two45N,0.8,72.0,OPTIMAL,72.0
left105,roll+8,handle_axis,pinch_mu_PD_q014,0.2,7.28,OPTIMAL,7.28
left105,roll+8,handle_axis,pinch_mu_PD_q014,0.4,14.56,OPTIMAL,14.56
left105,roll+8,handle_axis,pinch_mu_PD_q014,0.8,29.12,OPTIMAL,29.12
left105,roll-8,press_down,ground_mu,0.3,155.7438535619687,OPTIMAL,
left105,roll-8,press_down,ground_mu,1.0,155.7438535619687,OPTIMAL,
left105,roll-8,press_down,arm_sim_cap_scale,0.1,37.804719705344446,OPTIMAL,
left105,roll-8,press_down,arm_sim_cap_scale,0.2,62.30441643255157,OPTIMAL,
left105,roll-8,press_down,pinch_mu_two45N,0.2,90.0,OPTIMAL,90.0
left105,roll-8,press_down,pinch_mu_two45N,0.4,90.0,OPTIMAL,90.0
left105,roll-8,press_down,pinch_mu_two45N,0.8,90.0,OPTIMAL,90.0
left105,roll-8,press_down,pinch_mu_PD_q014,0.2,36.4,OPTIMAL,36.4
left105,roll-8,press_down,pinch_mu_PD_q014,0.4,36.4,OPTIMAL,36.4
left105,roll-8,press_down,pinch_mu_PD_q014,0.8,36.4,OPTIMAL,36.4
left105,roll-8,opening_normal_tangent,ground_mu,0.3,102.2115161130731,OPTIMAL,
left105,roll-8,opening_normal_tangent,ground_mu,1.0,120.06219507352415,OPTIMAL,
left105,roll-8,opening_normal_tangent,arm_sim_cap_scale,0.1,55.39600996717622,OPTIMAL,
left105,roll-8,opening_normal_tangent,arm_sim_cap_scale,0.2,107.11952878768106,OPTIMAL,
left105,roll-8,opening_normal_tangent,pinch_mu_two45N,0.2,18.0,OPTIMAL,18.0
left105,roll-8,opening_normal_tangent,pinch_mu_two45N,0.4,36.0,OPTIMAL,36.0
left105,roll-8,opening_normal_tangent,pinch_mu_two45N,0.8,72.0,OPTIMAL,72.0
left105,roll-8,opening_normal_tangent,pinch_mu_PD_q014,0.2,7.28,OPTIMAL,7.28
left105,roll-8,opening_normal_tangent,pinch_mu_PD_q014,0.4,14.56,OPTIMAL,14.56
left105,roll-8,opening_normal_tangent,pinch_mu_PD_q014,0.8,29.12,OPTIMAL,29.12
left105,roll-8,closing_normal_tangent,ground_mu,0.3,92.90501228506221,OPTIMAL,
left105,roll-8,closing_normal_tangent,ground_mu,1.0,101.21569757701742,OPTIMAL,
left105,roll-8,closing_normal_tangent,arm_sim_cap_scale,0.1,24.606093311139517,OPTIMAL,
left105,roll-8,closing_normal_tangent,arm_sim_cap_scale,0.2,78.45686531906605,OPTIMAL,
left105,roll-8,closing_normal_tangent,pinch_mu_two45N,0.2,18.0,OPTIMAL,18.0
left105,roll-8,closing_normal_tangent,pinch_mu_two45N,0.4,36.0,OPTIMAL,36.0
left105,roll-8,closing_normal_tangent,pinch_mu_two45N,0.8,72.0,OPTIMAL,72.0
left105,roll-8,closing_normal_tangent,pinch_mu_PD_q014,0.2,7.28,OPTIMAL,7.28
left105,roll-8,closing_normal_tangent,pinch_mu_PD_q014,0.4,14.56,OPTIMAL,14.56
left105,roll-8,closing_normal_tangent,pinch_mu_PD_q014,0.8,29.12,OPTIMAL,29.12
left105,roll-8,handle_axis,ground_mu,0.3,57.985337379564385,OPTIMAL,
left105,roll-8,handle_axis,ground_mu,1.0,86.92521052354738,OPTIMAL,
left105,roll-8,handle_axis,arm_sim_cap_scale,0.1,23.163640653279167,OPTIMAL,
left105,roll-8,handle_axis,arm_sim_cap_scale,0.2,48.097654789541494,OPTIMAL,
left105,roll-8,handle_axis,pinch_mu_two45N,0.2,18.0,OPTIMAL,18.0
left105,roll-8,handle_axis,pinch_mu_two45N,0.4,36.0,OPTIMAL,36.0
left105,roll-8,handle_axis,pinch_mu_two45N,0.8,72.0,OPTIMAL,72.0
left105,roll-8,handle_axis,pinch_mu_PD_q014,0.2,7.28,OPTIMAL,7.28
left105,roll-8,handle_axis,pinch_mu_PD_q014,0.4,14.56,OPTIMAL,14.56
left105,roll-8,handle_axis,pinch_mu_PD_q014,0.8,29.12,OPTIMAL,29.12
left105,pitch+8,press_down,ground_mu,0.3,157.18333958587374,OPTIMAL,
left105,pitch+8,press_down,ground_mu,1.0,157.18333958587374,OPTIMAL,
left105,pitch+8,press_down,arm_sim_cap_scale,0.1,38.3956229150407,OPTIMAL,
left105,pitch+8,press_down,arm_sim_cap_scale,0.2,64.13254042543373,OPTIMAL,
left105,pitch+8,press_down,pinch_mu_two45N,0.2,90.0,OPTIMAL,90.0
left105,pitch+8,press_down,pinch_mu_two45N,0.4,90.0,OPTIMAL,90.0
left105,pitch+8,press_down,pinch_mu_two45N,0.8,90.0,OPTIMAL,90.0
left105,pitch+8,press_down,pinch_mu_PD_q014,0.2,36.4,OPTIMAL,36.4
left105,pitch+8,press_down,pinch_mu_PD_q014,0.4,36.4,OPTIMAL,36.4
left105,pitch+8,press_down,pinch_mu_PD_q014,0.8,36.4,OPTIMAL,36.4
left105,pitch+8,opening_normal_tangent,ground_mu,0.3,103.33896215670009,OPTIMAL,
left105,pitch+8,opening_normal_tangent,ground_mu,1.0,121.17188799465914,OPTIMAL,
left105,pitch+8,opening_normal_tangent,arm_sim_cap_scale,0.1,65.62584889195365,OPTIMAL,
left105,pitch+8,opening_normal_tangent,arm_sim_cap_scale,0.2,112.17400316186999,OPTIMAL,
left105,pitch+8,opening_normal_tangent,pinch_mu_two45N,0.2,18.0,OPTIMAL,18.0
left105,pitch+8,opening_normal_tangent,pinch_mu_two45N,0.4,36.0,OPTIMAL,36.0
left105,pitch+8,opening_normal_tangent,pinch_mu_two45N,0.8,72.0,OPTIMAL,72.0
left105,pitch+8,opening_normal_tangent,pinch_mu_PD_q014,0.2,7.28,OPTIMAL,7.28
left105,pitch+8,opening_normal_tangent,pinch_mu_PD_q014,0.4,14.56,OPTIMAL,14.56
left105,pitch+8,opening_normal_tangent,pinch_mu_PD_q014,0.8,29.12,OPTIMAL,29.12
left105,pitch+8,closing_normal_tangent,ground_mu,0.3,92.9365134275686,OPTIMAL,
left105,pitch+8,closing_normal_tangent,ground_mu,1.0,100.10600465586411,OPTIMAL,
left105,pitch+8,closing_normal_tangent,arm_sim_cap_scale,0.1,27.470459647879046,OPTIMAL,
left105,pitch+8,closing_normal_tangent,arm_sim_cap_scale,0.2,74.01861391779539,OPTIMAL,
left105,pitch+8,closing_normal_tangent,pinch_mu_two45N,0.2,18.0,OPTIMAL,18.0
left105,pitch+8,closing_normal_tangent,pinch_mu_two45N,0.4,36.0,OPTIMAL,36.0
left105,pitch+8,closing_normal_tangent,pinch_mu_two45N,0.8,72.0,OPTIMAL,72.0
left105,pitch+8,closing_normal_tangent,pinch_mu_PD_q014,0.2,7.28,OPTIMAL,7.28
left105,pitch+8,closing_normal_tangent,pinch_mu_PD_q014,0.4,14.56,OPTIMAL,14.56
left105,pitch+8,closing_normal_tangent,pinch_mu_PD_q014,0.8,29.12,OPTIMAL,29.12
left105,pitch+8,handle_axis,ground_mu,0.3,58.624945730130186,OPTIMAL,
left105,pitch+8,handle_axis,ground_mu,1.0,88.09869605862592,OPTIMAL,
left105,pitch+8,handle_axis,arm_sim_cap_scale,0.1,30.105383627141503,OPTIMAL,
left105,pitch+8,handle_axis,arm_sim_cap_scale,0.2,60.86099121435332,OPTIMAL,
left105,pitch+8,handle_axis,pinch_mu_two45N,0.2,18.0,OPTIMAL,18.0
left105,pitch+8,handle_axis,pinch_mu_two45N,0.4,36.0,OPTIMAL,36.0
left105,pitch+8,handle_axis,pinch_mu_two45N,0.8,72.0,OPTIMAL,72.0
left105,pitch+8,handle_axis,pinch_mu_PD_q014,0.2,7.28,OPTIMAL,7.28
left105,pitch+8,handle_axis,pinch_mu_PD_q014,0.4,14.56,OPTIMAL,14.56
left105,pitch+8,handle_axis,pinch_mu_PD_q014,0.8,29.12,OPTIMAL,29.12
left105,pitch-8,press_down,ground_mu,0.3,153.9099455925767,OPTIMAL,
left105,pitch-8,press_down,ground_mu,1.0,153.9099455925767,OPTIMAL,
left105,pitch-8,press_down,arm_sim_cap_scale,0.1,35.27525460752761,OPTIMAL,
left105,pitch-8,press_down,arm_sim_cap_scale,0.2,57.18466970003654,OPTIMAL,
left105,pitch-8,press_down,pinch_mu_two45N,0.2,90.0,OPTIMAL,90.0
left105,pitch-8,press_down,pinch_mu_two45N,0.4,90.0,OPTIMAL,90.0
left105,pitch-8,press_down,pinch_mu_two45N,0.8,90.0,OPTIMAL,90.0
left105,pitch-8,press_down,pinch_mu_PD_q014,0.2,36.4,OPTIMAL,36.4
left105,pitch-8,press_down,pinch_mu_PD_q014,0.4,36.4,OPTIMAL,36.4
left105,pitch-8,press_down,pinch_mu_PD_q014,0.8,36.4,OPTIMAL,36.4
left105,pitch-8,opening_normal_tangent,ground_mu,0.3,102.4293500906441,OPTIMAL,
left105,pitch-8,opening_normal_tangent,ground_mu,1.0,118.6484441528145,OPTIMAL,
left105,pitch-8,opening_normal_tangent,arm_sim_cap_scale,0.1,68.26141009300643,OPTIMAL,
left105,pitch-8,opening_normal_tangent,arm_sim_cap_scale,0.2,110.65848376879806,OPTIMAL,
left105,pitch-8,opening_normal_tangent,pinch_mu_two45N,0.2,18.0,OPTIMAL,18.0
left105,pitch-8,opening_normal_tangent,pinch_mu_two45N,0.4,36.0,OPTIMAL,36.0
left105,pitch-8,opening_normal_tangent,pinch_mu_two45N,0.8,72.0,OPTIMAL,72.0
left105,pitch-8,opening_normal_tangent,pinch_mu_PD_q014,0.2,7.28,OPTIMAL,7.28
left105,pitch-8,opening_normal_tangent,pinch_mu_PD_q014,0.4,14.56,OPTIMAL,14.56
left105,pitch-8,opening_normal_tangent,pinch_mu_PD_q014,0.8,29.12,OPTIMAL,29.12
left105,pitch-8,closing_normal_tangent,ground_mu,0.3,94.51908217946826,OPTIMAL,
left105,pitch-8,closing_normal_tangent,ground_mu,1.0,102.6294484977622,OPTIMAL,
left105,pitch-8,closing_normal_tangent,arm_sim_cap_scale,0.1,16.53273725857684,OPTIMAL,
left105,pitch-8,closing_normal_tangent,arm_sim_cap_scale,0.2,58.929810934368476,OPTIMAL,
left105,pitch-8,closing_normal_tangent,pinch_mu_two45N,0.2,18.0,OPTIMAL,18.0
left105,pitch-8,closing_normal_tangent,pinch_mu_two45N,0.4,36.0,OPTIMAL,36.0
left105,pitch-8,closing_normal_tangent,pinch_mu_two45N,0.8,72.0,OPTIMAL,72.0
left105,pitch-8,closing_normal_tangent,pinch_mu_PD_q014,0.2,7.28,OPTIMAL,7.28
left105,pitch-8,closing_normal_tangent,pinch_mu_PD_q014,0.4,14.56,OPTIMAL,14.56
left105,pitch-8,closing_normal_tangent,pinch_mu_PD_q014,0.8,29.12,OPTIMAL,29.12
left105,pitch-8,handle_axis,ground_mu,0.3,58.10891618127812,OPTIMAL,
left105,pitch-8,handle_axis,ground_mu,1.0,88.78009461189671,OPTIMAL,
left105,pitch-8,handle_axis,arm_sim_cap_scale,0.1,21.746220432122776,OPTIMAL,
left105,pitch-8,handle_axis,arm_sim_cap_scale,0.2,42.83655188798518,OPTIMAL,
left105,pitch-8,handle_axis,pinch_mu_two45N,0.2,18.0,OPTIMAL,18.0
left105,pitch-8,handle_axis,pinch_mu_two45N,0.4,36.0,OPTIMAL,36.0
left105,pitch-8,handle_axis,pinch_mu_two45N,0.8,72.0,OPTIMAL,72.0
left105,pitch-8,handle_axis,pinch_mu_PD_q014,0.2,7.28,OPTIMAL,7.28
left105,pitch-8,handle_axis,pinch_mu_PD_q014,0.4,14.56,OPTIMAL,14.56
left105,pitch-8,handle_axis,pinch_mu_PD_q014,0.8,29.12,OPTIMAL,29.12
open30,pitch+8,press_down,ground_mu,0.3,157.11928083269015,OPTIMAL,
open30,pitch+8,press_down,ground_mu,1.0,157.11928083269015,OPTIMAL,
open30,pitch+8,press_down,arm_sim_cap_scale,0.1,36.1757491206652,OPTIMAL,
open30,pitch+8,press_down,arm_sim_cap_scale,0.2,60.145687390404355,OPTIMAL,
open30,pitch+8,press_down,pinch_mu_two45N,0.2,90.0,OPTIMAL,90.0
open30,pitch+8,press_down,pinch_mu_two45N,0.4,90.0,OPTIMAL,90.0
open30,pitch+8,press_down,pinch_mu_two45N,0.8,90.0,OPTIMAL,90.0
open30,pitch+8,press_down,pinch_mu_PD_q014,0.2,36.4,OPTIMAL,36.4
open30,pitch+8,press_down,pinch_mu_PD_q014,0.4,36.4,OPTIMAL,36.4
open30,pitch+8,press_down,pinch_mu_PD_q014,0.8,36.4,OPTIMAL,36.4
open30,pitch+8,opening_normal_tangent,ground_mu,0.3,96.89717015583223,OPTIMAL,
open30,pitch+8,opening_normal_tangent,ground_mu,1.0,139.86022220315863,OPTIMAL,
open30,pitch+8,opening_normal_tangent,arm_sim_cap_scale,0.1,51.62156006388769,OPTIMAL,
open30,pitch+8,opening_normal_tangent,arm_sim_cap_scale,0.2,88.28192418590226,OPTIMAL,
open30,pitch+8,opening_normal_tangent,pinch_mu_two45N,0.2,18.0,OPTIMAL,18.0
open30,pitch+8,opening_normal_tangent,pinch_mu_two45N,0.4,36.0,OPTIMAL,36.0
open30,pitch+8,opening_normal_tangent,pinch_mu_two45N,0.8,72.0,OPTIMAL,72.0
open30,pitch+8,opening_normal_tangent,pinch_mu_PD_q014,0.2,7.28,OPTIMAL,7.28
open30,pitch+8,opening_normal_tangent,pinch_mu_PD_q014,0.4,14.56,OPTIMAL,14.56
open30,pitch+8,opening_normal_tangent,pinch_mu_PD_q014,0.8,29.12,OPTIMAL,29.12
open30,pitch+8,closing_normal_tangent,ground_mu,0.3,84.88705985349792,OPTIMAL,
open30,pitch+8,closing_normal_tangent,ground_mu,1.0,115.64947957182713,OPTIMAL,
open30,pitch+8,closing_normal_tangent,arm_sim_cap_scale,0.1,21.699168180141402,OPTIMAL,
open30,pitch+8,closing_normal_tangent,arm_sim_cap_scale,0.2,58.359532302155955,OPTIMAL,
open30,pitch+8,closing_normal_tangent,pinch_mu_two45N,0.2,18.0,OPTIMAL,18.0
open30,pitch+8,closing_normal_tangent,pinch_mu_two45N,0.4,36.0,OPTIMAL,36.0
open30,pitch+8,closing_normal_tangent,pinch_mu_two45N,0.8,72.0,OPTIMAL,72.0
open30,pitch+8,closing_normal_tangent,pinch_mu_PD_q014,0.2,7.28,OPTIMAL,7.28
open30,pitch+8,closing_normal_tangent,pinch_mu_PD_q014,0.4,14.56,OPTIMAL,14.56
open30,pitch+8,closing_normal_tangent,pinch_mu_PD_q014,0.8,29.12,OPTIMAL,29.12
open30,pitch+8,handle_axis,ground_mu,0.3,59.92093972059177,OPTIMAL,
open30,pitch+8,handle_axis,ground_mu,1.0,100.74668817594778,OPTIMAL,
open30,pitch+8,handle_axis,arm_sim_cap_scale,0.1,28.96391858702604,OPTIMAL,
open30,pitch+8,handle_axis,arm_sim_cap_scale,0.2,58.28951673678932,OPTIMAL,
open30,pitch+8,handle_axis,pinch_mu_two45N,0.2,18.0,OPTIMAL,18.0
open30,pitch+8,handle_axis,pinch_mu_two45N,0.4,36.0,OPTIMAL,36.0
open30,pitch+8,handle_axis,pinch_mu_two45N,0.8,72.0,OPTIMAL,72.0
open30,pitch+8,handle_axis,pinch_mu_PD_q014,0.2,7.28,OPTIMAL,7.28
open30,pitch+8,handle_axis,pinch_mu_PD_q014,0.4,14.56,OPTIMAL,14.56
open30,pitch+8,handle_axis,pinch_mu_PD_q014,0.8,29.12,OPTIMAL,29.12
