step,time_s,base_height_m,max_abs_robot_ctrl_nm,door_hinge_rad,handle_hinge_rad,constraint_gate_active,door_external_torque_nm
0,0.005,0.61975475,0.0,-1.68988121465648e-08,-0.16457786879286038,1,0.0
1,0.01,0.6192642500001115,4.2453567145401485e-05,-3.4989938215284525e-08,-0.15948860698072417,1,0.0
2,0.015,0.6185285000013379,6.416004719285418e-05,-5.1855704699233715e-08,-0.12530234349565683,1,0.0
3,0.02,0.6175475000113869,6.902645164423511e-05,-6.6428992403641e-08,-0.0851135236085993,1,0.0
4,0.025,0.6163212496263412,0.00018926475844460944,-7.841424998246706e-08,-0.05197008990981466,1,0.0
5,0.030000000000000002,0.6148497455645209,0.008512829120874348,-8.792525952065096e-08,-0.030634916971640835,1,0.0
6,0.035,0.613133168052645,0.38564388012252315,-9.52658601390997e-08,-0.020537554803981024,1,0.0
7,0.04,0.6111632324365327,17.487431027338644,-1.0080299306156112e-07,-0.018583405472939015,1,0.0
8,0.045,0.6089816274241244,40.0,-1.0489789957758505e-07,-0.021189394996887222,1,0.0
9,0.049999999999999996,0.6064720076089296,45.0,-1.0787283085206673e-07,-0.02542396320537074,1,0.0
10,0.05499999999999999,0.6035643141826557,136.5680484513511,-1.0999856962448109e-07,-0.029414191345216226,1,0.0
11,0.05999999999999999,0.6004205815149122,180.0,-1.1149344447804423e-07,-0.03228470642889979,1,0.0
12,0.06499999999999999,0.5971360215509738,180.0,-1.1252809894999834e-07,-0.033877747555255106,1,0.0
13,0.06999999999999999,0.5935687787291171,180.0,-1.1323261518915278e-07,-0.03443379817080575,1,0.0
14,0.075,0.589879465291122,180.0,-1.1370408284607248e-07,-0.03433234330945483,1,0.0
15,0.08,0.5859510678140246,180.0,-1.1401362892353518e-07,-0.03392749897823436,1,0.0
16,0.085,0.5817997316066034,180.0,-1.1421247816948366e-07,-0.0334721692252726,1,0.0
17,0.09000000000000001,0.5775191421964176,180.0,-1.1433692928991927e-07,-0.03310542723446359,1,0.0
18,0.09500000000000001,0.5729058342716217,180.0,-1.1441229912108309e-07,-0.03287466305886268,1,0.0
19,0.10000000000000002,0.5681673862288741,180.0,-1.14455963799155e-07,-0.03276957785975069,1,0.0
20,0.10500000000000002,0.5630946778073468,180.0,-1.1447965088617624e-07,-0.0327536030069187,1,0.0
21,0.11000000000000003,0.5578997136694673,180.0,-1.1449113325380327e-07,-0.03278617697340565,1,0.0
22,0.11500000000000003,0.5522064884745629,180.0,-1.1449545886718843e-07,-0.03283488199464239,1,0.0
23,0.12000000000000004,0.5462332149172433,180.0,-1.1449582897555441e-07,-0.03287947649261192,1,0.0
24,0.12500000000000003,0.5399595476674147,180.0,-1.1449421529836028e-07,-0.03291086729211575,1,0.0
25,0.13000000000000003,0.5334840330228253,180.0,-1.1449178693498475e-07,-0.03292780867476061,1,0.0
26,0.13500000000000004,0.5268980605175887,180.0,-1.1448920086652869e-07,-0.03293329007474143,1,0.0
27,0.14000000000000004,0.5201160673289651,180.0,-1.144867962250533e-07,-0.03293167115651307,1,0.0
28,0.14500000000000005,0.5130180480562336,180.0,-1.1448472174209233e-07,-0.03292690680190895,1,0.0
29,0.15000000000000005,0.505653748761086,180.0,-1.1448301754486897e-07,-0.03292176079767488,1,0.0
30,0.15500000000000005,0.49802761496181613,180.0,-1.1448166629122856e-07,-0.03291771044798495,1,0.0
31,0.16000000000000006,0.490243665909456,180.0,-1.1448062409244065e-07,-0.03291522049591266,1,0.0
32,0.16500000000000006,0.4821514427007439,180.0,-1.1447983839106348e-07,-0.03291413322017028,1,0.0
33,0.17000000000000007,0.4738327587254984,180.0,-1.144792576279128e-07,-0.03291401909694503,1,0.0
34,0.17500000000000007,0.46518526275650374,180.0,-1.1447883589969296e-07,-0.032914420080303576,1,0.0
35,0.18000000000000008,0.45602503086251045,180.0,-1.1447853468472205e-07,-0.03291497837280471,1,0.0
36,0.18500000000000008,0.4465969002680714,180.0,-1.1447832295284886e-07,-0.032915475749105354,1,0.0
37,0.19000000000000009,0.4369663886379939,180.0,-1.1447817646913522e-07,-0.03291581832532733,1,0.0
38,0.1950000000000001,0.42721967339478106,180.0,-1.1447807677049689e-07,-0.032915997858898635,1,0.0
39,0.2000000000000001,0.41710090811555356,180.0,-1.1447801008389788e-07,-0.03291605098850865,1,0.0
40,0.2050000000000001,0.40701419118884974,180.0,-1.1447796632414312e-07,-0.03291602763395949,1,0.0
41,0.2100000000000001,0.3965772447126605,180.0,-1.1447793823123473e-07,-0.03291597187586956,1,0.0
42,0.2150000000000001,0.38599240652058764,180.0,-1.1447792066282457e-07,-0.03291591385529667,1,0.0
43,0.2200000000000001,0.3750625785261665,180.0,-1.144779100338715e-07,-0.032915869208380945,1,0.0
44,0.22500000000000012,0.3640156787867918,180.0,-1.1447790388487463e-07,-0.03291584240983451,1,0.0
45,0.23000000000000012,0.3527079093738141,180.0,-1.1447790055663453e-07,-0.032915831234996355,1,0.0
46,0.23500000000000013,0.34093838692130585,180.0,-1.1447789895002147e-07,-0.032915830665674765,1,0.0
47,0.24000000000000013,0.3289219044639132,180.0,-1.1447789835164343e-07,-0.03291583554143947,1,0.0
48,0.24500000000000013,0.3167080909462025,180.0,-1.1447789830940945e-07,-0.032915841920826694,1,0.0
49,0.2500000000000001,0.30435717044970884,180.0,-1.1447789854511376e-07,-0.032915847457205265,1,0.0
50,0.2550000000000001,0.2918419942379038,180.0,-1.1447789889399608e-07,-0.032915851188008195,1,0.0
51,0.2600000000000001,0.27993680143464117,180.0,-1.1447789926363233e-07,-0.0329158530833383,1,0.0
52,0.2650000000000001,0.2676985062502576,180.0,-1.1447789960645687e-07,-0.03291585358710747,1,0.0
53,0.27000000000000013,0.255946433826751,180.0,-1.1447789990174583e-07,-0.032915853269156,1,0.0
54,0.27500000000000013,0.24564253683597637,180.0,-1.1447790014406144e-07,-0.03291585261983073,1,0.0
55,0.28000000000000014,0.23701925217629713,180.0,-1.1447790033603374e-07,-0.03291585196714715,1,0.0
56,0.28500000000000014,0.23043709616762037,180.0,-1.1447790048399992e-07,-0.032915851475952544,1,0.0
57,0.29000000000000015,0.22693258595279997,180.0,-1.1447790059548684e-07,-0.03291585118829902,1,0.0
58,0.29500000000000015,0.22579139744622595,180.0,-1.1447790067785293e-07,-0.03291585107432819,1,0.0
59,0.30000000000000016,0.22577900620675442,180.0,-1.1447790073763668e-07,-0.03291585107569094,1,0.0
60,0.30500000000000016,0.2269938635486212,180.0,-1.1447790078031801e-07,-0.0329158511343798,1,0.0
61,0.31000000000000016,0.23002025014457944,180.0,-1.1447790081030704e-07,-0.03291585120705975,1,0.0
62,0.31500000000000017,0.23442198572055517,180.0,-1.1447790083104557e-07,-0.032915851268565555,1,0.0
63,0.3200000000000002,0.24034877650785366,180.0,-1.1447790084515409e-07,-0.0329158513091081,1,0.0
64,0.3250000000000002,0.24769221635664299,180.0,-1.1447790085458641e-07,-0.03291585132903355,1,0.0
65,0.3300000000000002,0.2564235461468436,180.0,-1.1447790086077252e-07,-0.03291585133366918,1,0.0
66,0.3350000000000002,0.2662523414201002,173.65103004691284,-1.1447790086474133e-07,-0.032915851329501006,1,0.0
67,0.3400000000000002,0.27719311997448237,157.90800231190187,-1.1447790086722135e-07,-0.03291585132197296,1,0.0
68,0.3450000000000002,0.28883306725752417,128.8479458483104,-1.1447790086872024e-07,-0.03291585131464695,1,0.0
69,0.3500000000000002,0.30119394576313074,118.71168804194761,-1.1447790086958612e-07,-0.03291585130925343,1,0.0
70,0.3550000000000002,0.3139556600409645,94.02147041752497,-1.1447790087005372e-07,-0.03291585130617452,1,0.0
71,0.3600000000000002,0.3269591748310939,88.69789479538112,-1.1447790087027848e-07,-0.03291585130502262,1,0.0
72,0.3650000000000002,0.34001093794267806,72.06526665066407,-1.144779008703612e-07,-0.0329158513051222,1,0.0
73,0.3700000000000002,0.35303060747220094,55.60716856530493,-1.1447790087036574e-07,-0.03291585130582263,1,0.0
74,0.3750000000000002,0.3658724524423826,53.5683940145899,-1.1447790087033134e-07,-0.032915851306648376,1,0.0
75,0.3800000000000002,0.3786944480006139,45.0,-1.1447790087028123e-07,-0.032915851307330345,1,0.0
76,0.38500000000000023,0.3906412038255433,154.4766761773716,-1.144779008702284e-07,-0.032915851307769944,1,0.0
77,0.39000000000000024,0.40286471138019575,180.0,-1.1447790087017951e-07,-0.032915851307978444,1,0.0
78,0.39500000000000024,0.41413960740466665,180.0,-1.1447790087013746e-07,-0.03291585130801929,1,0.0
79,0.40000000000000024,0.42616136265335036,180.0,-1.14477900870103e-07,-0.032915851307966086,1,0.0
80,0.40500000000000025,0.43714806082074353,180.0,-1.1447790087007572e-07,-0.032915851307879156,1,0.0
81,0.41000000000000025,0.44886282967192986,180.0,-1.1447790087005472e-07,-0.03291585130779709,1,0.0
82,0.41500000000000026,0.45921649060082936,180.0,-1.144779008700389e-07,-0.03291585130773797,1,0.0
83,0.42000000000000026,0.47048675478081725,180.0,-1.1447790087002723e-07,-0.03291585130770513,1,0.0
84,0.42500000000000027,0.4804090226081039,180.0,-1.1447790087001877e-07,-0.03291585130769361,1,0.0
85,0.43000000000000027,0.49126906312712487,180.0,-1.1447790087001274e-07,-0.03291585130769564,1,0.0
86,0.4350000000000003,0.5006828036581632,180.0,-1.1447790087000847e-07,-0.03291585130770395,1,0.0
87,0.4400000000000003,0.5109784814659989,180.0,-1.1447790087000554e-07,-0.032915851307713316,1,0.0
88,0.4450000000000003,0.5199077852646876,180.0,-1.1447790087000355e-07,-0.03291585130772088,1,0.0
89,0.4500000000000003,0.5296852581781749,180.0,-1.1447790087000221e-07,-0.03291585130772564,1,0.0
90,0.4550000000000003,0.538197364575691,180.0,-1.1447790087000134e-07,-0.03291585130772781,1,0.0
91,0.4600000000000003,0.5474997876208038,180.0,-1.1447790087000078e-07,-0.03291585130772814,1,0.0
92,0.4650000000000003,0.5555844721877862,180.0,-1.1447790087000044e-07,-0.03291585130772745,1,0.0
93,0.4700000000000003,0.5644099640254157,180.0,-1.1447790087000024e-07,-0.03291585130772645,1,0.0
94,0.4750000000000003,0.5720363618380584,180.0,-1.1447790087000011e-07,-0.03291585130772554,1,0.0
95,0.4800000000000003,0.5803666944131536,180.0,-1.1447790087000004e-07,-0.0329158513077249,1,0.0
96,0.4850000000000003,0.5875303091237063,180.0,-1.1447790087e-07,-0.03291585130772454,1,0.0
97,0.4900000000000003,0.5953606410395544,180.0,-1.1447790086999999e-07,-0.03291585130772443,1,0.0
98,0.49500000000000033,0.6021040080447297,180.0,-1.1447790086999998e-07,-0.03291585130772446,1,0.0
99,0.5000000000000003,0.6093597381870378,180.0,-1.1447790086999998e-07,-0.03291585130772456,1,0.0
100,0.5050000000000003,0.6155760994754373,180.0,-1.1447790086999994e-07,0.1367845094989916,1,0.0
101,0.5100000000000003,0.6223813766254772,180.0,-1.1447790086999994e-07,0.4761626892531796,1,0.0
102,0.5150000000000003,0.6282041137107891,180.0,-1.1447790086999994e-07,0.6506780109910761,1,0.0
103,0.5200000000000004,0.6345384239686499,180.0,8.073109908219924e-06,0.6600919911958246,0,10.0
104,0.5250000000000004,0.6399501392549684,180.0,2.437297513187734e-05,0.8386695477967003,0,10.0
105,0.5300000000000004,0.6458440651502427,180.0,4.8711079002281254e-05,0.8518198302131309,0,10.0
106,0.5350000000000004,0.6507803625287059,180.0,8.101306968239208e-05,0.6995176316112354,0,10.0
107,0.5400000000000004,0.656163253475057,180.0,0.0001212047825691808,0.7163155111866634,0,10.0
108,0.5450000000000004,0.660612515629732,180.0,0.00016921430688465316,0.8833274862758812,0,10.0
109,0.5500000000000004,0.665421729292316,180.0,0.00022497095686175482,0.8848254002456898,0,10.0
110,0.5550000000000004,0.6695453332237806,180.0,0.00028840215906028013,0.7208062798101667,0,10.0
111,0.5600000000000004,0.6740604922557675,180.0,0.00035943564047347153,0.7258516624024917,0,10.0
112,0.5650000000000004,0.6777460776045996,180.0,0.0004380027609469437,0.8999529862724261,0,10.0
113,0.5700000000000004,0.6817351897629627,180.0,0.0005240363233382706,0.9085070799824994,0,10.0
114,0.5750000000000004,0.6845764882722735,180.0,0.0006174655027004412,0.751496710533164,0,10.0
115,0.5800000000000004,0.6877181919820211,180.0,0.0007182198214938226,0.7634980229661288,0,10.0
116,0.5850000000000004,0.690300311240378,180.0,0.0008262338830724146,0.7685648518790061,0,10.0
117,0.5900000000000004,0.6931369073676855,180.0,0.0009414406229062735,0.803467880109217,0,10.0
118,0.5950000000000004,0.695331816149116,180.0,0.0010637741985940747,0.6730095502976093,0,10.0
119,0.6000000000000004,0.6977181317233377,180.0,0.001193166140731002,0.7116942513349854,0,10.0
120,0.6050000000000004,0.6994803728458597,180.0,0.001329553960215086,0.7370026662235225,0,10.0
121,0.6100000000000004,0.7014067296277925,180.0,0.0014728728865623375,0.7549262217640065,0,10.0
122,0.6150000000000004,0.7026433001691488,180.0,0.001623058803872419,0.7522554477565289,0,10.0
123,0.6200000000000004,0.7040000755593097,180.0,0.001780047861423077,0.9122614454950956,0,10.0
124,0.6250000000000004,0.7047120909707153,180.0,0.0019437813062737664,0.9066952621341939,0,10.0
125,0.6300000000000004,0.7056083362705202,180.0,0.0021141927455063858,0.7355681370565764,0,10.0
126,0.6350000000000005,0.7059105275868159,180.0,0.0022912165157860788,0.73348019379639,0,10.0
127,0.6400000000000005,0.7063921672452816,180.0,0.002474795312606349,0.9004350040258509,0,10.0
128,0.6450000000000005,0.7063228190438934,180.0,0.002664873430239709,0.9018414238711869,0,10.0
129,0.6500000000000005,0.7063441216272759,180.0,0.002861386051143015,0.7376966110754207,0,10.0
130,0.6550000000000005,0.7058202364006075,180.0,0.0030642691110799045,0.7425872581213231,0,10.0
131,0.6600000000000005,0.7053895710087099,180.0,0.003273468094864739,0.8873791621191348,0,10.0
132,0.6650000000000005,0.7045107968804127,180.0,0.003488929141101143,0.8666486817427516,0,10.0
133,0.6700000000000005,0.7035774138428622,180.0,0.003710588933824855,0.6813159682901522,0,10.0
134,0.6750000000000005,0.7022545601215026,180.0,0.003938385386308677,0.6651127554585338,0,10.0
135,0.6800000000000005,0.7009092534983912,180.0,0.004172266334007518,0.8180649154725482,0,10.0
136,0.6850000000000005,0.699168852671941,180.0,0.004412181125966455,0.8056283389654249,0,10.0
137,0.6900000000000005,0.6973250476667623,180.0,0.004658068211221106,0.795411248517979,0,10.0
138,0.6950000000000005,0.6950850194197326,180.0,0.0049098722617620365,0.7900663042691494,0,10.0
139,0.7000000000000005,0.6926822735258991,180.0,0.005167538547348062,0.7875750232499562,0,10.0
140,0.7050000000000005,0.690002028170958,180.0,0.00543101276614317,0.7864617080954465,0,10.0
141,0.7100000000000005,0.6870228208288328,180.0,0.0057002410559309465,0.7859726214484344,0,10.0
142,0.7150000000000005,0.6836413468634924,178.12197503477117,0.0059751700135486805,0.7858233997606724,0,10.0
143,0.7200000000000005,0.6801728247305188,180.0,0.006255746706877693,0.7857518924418282,0,10.0
144,0.7250000000000005,0.676489829020038,180.0,0.006541918670595486,0.7857144964780336,0,10.0
145,0.7300000000000005,0.6725539384445012,180.0,0.0068336339100991406,0.7856945483224197,0,10.0
146,0.7350000000000005,0.6684754114037558,180.0,0.007130840898257235,0.7856837205636092,0,10.0
147,0.7400000000000005,0.6639626522126129,180.0,0.007433488571506301,0.7856778354246958,0,10.0
148,0.7450000000000006,0.6594288237611856,180.0,0.007741526325834008,0.7856746145416238,0,10.0
149,0.7500000000000006,0.6540631282793106,180.0,0.008054904012715611,0.7856728538527384,0,10.0
150,0.7550000000000006,0.6488217448140955,180.0,0.008373571935057382,0.7856718874478312,0,10.0
151,0.7600000000000006,0.6432070659672494,180.0,0.008697480843156252,0.7856713572868517,0,10.0
152,0.7650000000000006,0.6375107398272722,180.0,0.009026581930687214,0.7856710652279586,0,10.0
153,0.7700000000000006,0.6315015791564959,180.0,0.009360826830721031,0.7856709039312708,0,10.0
154,0.7750000000000006,0.6254390538302771,180.0,0.009700167611775074,0.7856708141102925,0,10.0
155,0.7800000000000006,0.6190313380432322,180.0,0.010044556773897957,0.785670763519147,0,10.0
156,0.7850000000000006,0.6125625546479334,180.0,0.010393947244788536,0.7856707343845089,0,10.0
157,0.7900000000000006,0.6056218496027667,180.0,0.010748292375949294,0.7856707170162944,0,10.0
158,0.7950000000000006,0.5985019240719528,180.0,0.01110754593887407,0.7856707060825726,0,10.0
159,0.8000000000000006,0.5909206386516797,180.0,0.011471662121269911,0.785670698672032,0,10.0
160,0.8050000000000006,0.5834712261369966,180.0,0.011840595523312828,0.7856706931849589,0,10.0
161,0.8100000000000006,0.5752988513317888,180.0,0.012214301153937191,0.785670688747228,0,10.0
162,0.8150000000000006,0.5674231332503934,180.0,0.01259273442715848,0.7856706848792132,0,10.0
163,0.8200000000000006,0.5588259775726376,180.0,0.012975851158429088,0.785670681318909,0,10.0
164,0.8250000000000006,0.5504928484265221,180.0,0.013363607561026917,0.7856706779229049,0,10.0
165,0.8300000000000006,0.5413505072820916,180.0,0.013755960242476448,0.7856706746130765,0,10.0
166,0.8350000000000006,0.5325940979094826,180.0,0.014152866201002,0.78567067134693,0,10.0
167,0.8400000000000006,0.5230538990758078,180.0,0.014554282822012909,0.7856706681015535,0,10.0
168,0.8450000000000006,0.5137634816053985,180.0,0.01496016787462031,0.7856706648647278,0,10.0
169,0.8500000000000006,0.5050401313649642,180.0,0.015370479508185266,0.7856706616300984,0,10.0
170,0.8550000000000006,0.49849571159562595,180.0,0.015785176248897942,0.7856706583945099,0,10.0
171,0.8600000000000007,0.4916953290348617,180.0,0.01620424238821389,0.7856706551565548,0,10.0
172,0.8650000000000007,0.48612388687710956,180.0,0.016627677926133105,0.7856706519032127,0,10.0
173,0.8700000000000007,0.4799084091848966,180.0,0.017055482862655583,0.7856706486253542,0,10.0
174,0.8750000000000007,0.47452660659990925,180.0,0.01748765719778132,0.7856706453188897,0,10.0
175,0.8800000000000007,0.46845635317829354,180.0,0.017924200931510308,0.7856706419811591,0,10.0
176,0.8850000000000007,0.4629651381365103,180.0,0.01836511406384254,0.785670638610896,0,10.0
177,0.8900000000000007,0.45664629217400915,180.0,0.01881039659477801,0.7856706352073187,0,10.0
178,0.8950000000000007,0.4508400255605697,180.0,0.019260048524316717,0.7856706317700388,0,10.0
179,0.9000000000000007,0.44417824307984116,180.0,0.01971406985245865,0.7856706282988247,0,10.0
180,0.9050000000000007,0.4386894274711665,180.0,0.020172460579203803,0.785670624793558,0,10.0
181,0.9100000000000007,0.4326277169160877,180.0,0.02063522070455217,0.7856706212541696,0,10.0
182,0.9150000000000007,0.4269388299479576,180.0,0.021102350228503743,0.7856706176806235,0,10.0
183,0.9200000000000007,0.42156120139030784,180.0,0.021573849151058515,0.785670614072899,0,10.0
184,0.9250000000000007,0.41697150801608684,180.0,0.022049717472216485,0.7856706104309847,0,10.0
185,0.9300000000000007,0.412803479371056,180.0,0.02252995519197764,0.7856706067548744,0,10.0
186,0.9350000000000007,0.40899917311960743,180.0,0.023014562310341977,0.7856706030445645,0,10.0
187,0.9400000000000007,0.40512532199637574,180.0,0.023503538827309486,0.7856705993000528,0,10.0
188,0.9450000000000007,0.40188958887771004,180.0,0.023996884742880163,0.785670595521338,0,10.0
189,0.9500000000000007,0.3985544923572719,180.0,0.024494600057054002,0.7856705917084192,0,10.0
190,0.9550000000000007,0.3956751461150007,180.0,0.024996684769830992,0.785670587861296,0,10.0
191,0.9600000000000007,0.39215144610204317,180.0,0.025503138881211126,0.7856705839799677,0,10.0
192,0.9650000000000007,0.38906008576560586,180.0,0.0260139623911944,0.7856705800644339,0,10.0
193,0.9700000000000008,0.38590974566095504,180.0,0.026529155299780807,0.7856705761146945,0,10.0
194,0.9750000000000008,0.3830176142745323,180.0,0.027048717606970335,0.7856705721307488,0,10.0
195,0.9800000000000008,0.38000328859913474,180.0,0.02757264931276298,0.7856705681125966,0,10.0
196,0.9850000000000008,0.37704695217433504,180.0,0.028100950417158734,0.7856705640602375,0,10.0
197,0.9900000000000008,0.37464894477384136,180.0,0.02863362092015759,0.7856705599736714,0,10.0
198,0.9950000000000008,0.37205656159961237,180.0,0.029170660821759543,0.7856705558528977,0,10.0
199,1.0000000000000007,0.3698493748846923,180.0,0.02971207012196458,0.7856705516979161,0,10.0
200,1.0050000000000006,0.3672250899304914,180.0,0.030257848820772697,0.7856705475087263,0,10.0
201,1.0100000000000005,0.36495196697238247,180.0,0.030807996918183884,0.785670543285328,0,10.0
202,1.0150000000000003,0.36264560327726203,180.0,0.031362514414198135,0.7856705390277209,0,10.0
203,1.0200000000000002,0.3604236562920993,180.0,0.03192140130881544,0.7856705347359044,0,10.0
204,1.0250000000000001,0.3579770556657842,180.0,0.032484657602035796,0.7856705304098783,0,10.0
205,1.03,0.35610537241597734,180.0,0.03305228329385919,0.7856705260496424,0,10.0
206,1.035,0.3542307470303845,180.0,0.03362427838428562,0.785670521655196,0,10.0
207,1.0399999999999998,0.35300621244181807,180.0,0.03420064287331507,0.785670517226539,0,10.0
208,1.0449999999999997,0.351582886903438,180.0,0.03478137676094754,0.785670512763671,0,10.0
209,1.0499999999999996,0.35082431310307227,180.0,0.035366480047183006,0.7856705082665915,0,10.0
210,1.0549999999999995,0.3495661278639011,180.0,0.03595595273202148,0.7856705037353003,0,10.0
211,1.0599999999999994,0.34890641553308477,180.0,0.03654979481546294,0.7856704991697969,0,10.0
212,1.0649999999999993,0.3478090998923707,180.0,0.03714800629750738,0.785670494570081,0,10.0
213,1.0699999999999992,0.34700465293410754,180.0,0.03775058717815479,0.7856704899361522,0,10.0
214,1.074999999999999,0.3463227761291827,180.0,0.03835753745740517,0.78567048526801,0,10.0
215,1.079999999999999,0.345923162030275,180.0,0.03896885713525851,0.7856704805656541,0,10.0
216,1.0849999999999989,0.34549345175481116,180.0,0.03958454621171479,0.7856704758290842,0,10.0
217,1.0899999999999987,0.34516125556534943,180.0,0.04020460468677401,0.7856704710582999,0,10.0
218,1.0949999999999986,0.34454742552504347,180.0,0.040829032560436164,0.7856704662533007,0,10.0
219,1.0999999999999985,0.343991259978033,180.0,0.041457829832701236,0.7856704614140863,0,10.0
220,1.1049999999999984,0.34313580540331107,180.0,0.04209099650356922,0.7856704565406563,0,10.0
221,1.1099999999999983,0.3426158505235737,180.0,0.04272853257304011,0.7856704516330101,0,10.0
222,1.1149999999999982,0.3424465483281799,180.0,0.043370438041113894,0.7856704466911475,0,10.0
223,1.119999999999998,0.342826371790966,180.0,0.044016712907790564,0.7856704417150681,0,10.0
224,1.124999999999998,0.34321394466306887,180.0,0.04466735717307011,0.7856704367047713,0,10.0
225,1.129999999999998,0.34424574836019345,180.0,0.04532237083695252,0.7856704316602569,0,10.0
226,1.1349999999999978,0.3448194922957333,180.0,0.04598175389943779,0.7856704265815243,0,10.0
227,1.1399999999999977,0.34549056016483215,180.0,0.046645506360525904,0.7856704214685734,0,10.0
228,1.1449999999999976,0.3458107576361879,180.0,0.04731362822021686,0.7856704163214033,0,10.0
229,1.1499999999999975,0.34627532214041123,180.0,0.04798611947851065,0.785670411140014,0,10.0
230,1.1549999999999974,0.3463300314377588,180.0,0.04866298013540725,0.7856704059244048,0,10.0
231,1.1599999999999973,0.34634810092803103,180.0,0.049344210190906665,0.7856704006745754,0,10.0
232,1.1649999999999971,0.3460589884665559,180.0,0.05002980964500888,0.7856703953905253,0,10.0
233,1.169999999999997,0.3464669427521799,180.0,0.050719778497713884,0.7856703900722541,0,10.0
234,1.174999999999997,0.3463262439858107,180.0,0.05141411674902167,0.7856703847197615,0,10.0
235,1.1799999999999968,0.34675765147921483,180.0,0.05211282439893222,0.7856703793330468,0,10.0
236,1.1849999999999967,0.346726458066139,180.0,0.05281590144744554,0.7856703739121097,0,10.0
237,1.1899999999999966,0.34757657370265604,180.0,0.053523347894561604,0.7856703684569497,0,10.0
238,1.1949999999999965,0.347621004708086,180.0,0.05423516374028041,0.7856703629675664,0,10.0
239,1.1999999999999964,0.34858283151372016,180.0,0.054951348984601946,0.7856703574439594,0,10.0
240,1.2049999999999963,0.3484541026098085,180.0,0.0556719036275262,0.7856703518861281,0,10.0
241,1.2099999999999962,0.3492628184282397,180.0,0.056396827669053164,0.7856703462940721,0,10.0
242,1.214999999999996,0.3488369097670709,180.0,0.05712612110918283,0.785670340667791,0,10.0
243,1.219999999999996,0.3494968681523411,180.0,0.05785978394791519,0.7856703350072841,0,10.0
244,1.2249999999999959,0.34876912974382185,180.0,0.05859781618525022,0.7856703293125513,0,10.0
245,1.2299999999999958,0.3491321283682581,180.0,0.059340217821187924,0.7856703235835919,0,10.0
246,1.2349999999999957,0.34758429931920093,180.0,0.06008698885572829,0.7856703178204055,0,10.0
247,1.2399999999999956,0.34746194123957364,180.0,0.06083812928887129,0.7856703120229915,0,10.0
248,1.2449999999999954,0.3463784337765874,180.0,0.06159363912061694,0.7856703061913497,0,10.0
249,1.2499999999999953,0.34591593837823026,180.0,0.06235351835096521,0.7856703003254792,0,10.0
250,1.2549999999999952,0.3453843823087741,180.0,0.0631177669799161,0.78567029442538,0,10.0
251,1.2599999999999951,0.34523138890764066,180.0,0.06388638500746958,0.7856702884910511,0,10.0
252,1.264999999999995,0.34520042541613016,180.0,0.06465937243362567,0.7856702825224925,0,10.0
253,1.269999999999995,0.34672146319510033,180.0,0.06543672925838434,0.7856702765197034,0,10.0
254,1.2749999999999948,0.34768225045374473,180.0,0.06621845548174557,0.7856702704826833,0,10.0
255,1.2799999999999947,0.3495499422125008,180.0,0.06700455110370937,0.785670264411432,0,10.0
256,1.2849999999999946,0.35236996851448754,180.0,0.06779501612427571,0.7856702583059485,0,10.0
257,1.2899999999999945,0.3566203914067928,180.0,0.06858985054344459,0.7856702521662328,0,10.0
258,1.2949999999999944,0.361193495733193,180.0,0.069389054361216,0.7856702459922841,0,10.0
259,1.2999999999999943,0.36680347749452946,180.0,0.07019262757758991,0.7856702397841019,0,10.0
260,1.3049999999999942,0.3724700282170159,180.0,0.07100057019256634,0.7856702335416859,0,10.0
261,1.309999999999994,0.37891268617658286,180.0,0.07181288220614525,0.7856702272650353,0,10.0
262,1.314999999999994,0.38473725767155686,180.0,0.07262956361832665,0.7856702209541497,0,10.0
263,1.3199999999999938,0.3911859235058868,180.0,0.07345061442911051,0.7856702146090287,0,10.0
264,1.3249999999999937,0.39739904793936953,180.0,0.07427603463849683,0.7856702082296717,0,10.0
265,1.3299999999999936,0.4042973430856577,180.0,0.0751058242464856,0.785670201816078,0,10.0
266,1.3349999999999935,0.41063193700344636,180.0,0.0759399832530768,0.7856701953682473,0,10.0
267,1.3399999999999934,0.41753493553133375,180.0,0.07677851165827042,0.785670188886179,0,10.0
268,1.3449999999999933,0.4239800611880558,180.0,0.07762140946206644,0.7856701823698726,0,10.0
269,1.3499999999999932,0.43069562563113595,180.0,0.07846867666446487,0.7856701758193274,0,10.0
270,1.354999999999993,0.43640182288913937,180.0,0.07932031326546568,0.785670169234543,0,10.0
271,1.359999999999993,0.4426437280089093,180.0,0.08017631926506887,0.7856701626155188,0,10.0
272,1.3649999999999929,0.44801278507928555,180.0,0.08103669466327441,0.7856701559622543,0,10.0
273,1.3699999999999928,0.45385248948948753,180.0,0.08190143946008231,0.785670149274749,0,10.0
274,1.3749999999999927,0.4593746596770384,180.0,0.08277055365549255,0.7856701425530022,0,10.0
275,1.3799999999999926,0.46495525938521565,180.0,0.0836440372495051,0.7856701357970134,0,10.0
276,1.3849999999999925,0.4704711490781365,180.0,0.08452189024211997,0.7856701290067821,0,10.0
277,1.3899999999999924,0.4766550406461744,180.0,0.08540411263333712,0.7856701221823078,0,10.0
278,1.3949999999999922,0.48178768733800664,180.0,0.08629070442315658,0.7856701153235897,0,10.0
279,1.3999999999999921,0.4877207691207604,180.0,0.0871816656115783,0.7856701084306275,0,10.0
280,1.404999999999992,0.49255425967736577,180.0,0.08807699619860228,0.7856701015034203,0,10.0
281,1.409999999999992,0.4981778828595641,180.0,0.08897669618422852,0.7856700945419679,0,10.0
282,1.4149999999999918,0.5026568826088851,180.0,0.08988076556845698,0.7856700875462694,0,10.0
283,1.4199999999999917,0.5078711631682339,180.0,0.09078920435128766,0.7856700805163246,0,10.0
284,1.4249999999999916,0.5119905519107448,180.0,0.09170201253272056,0.7856700734521326,0,10.0
285,1.4299999999999915,0.5167713769221493,180.0,0.09261919011275566,0.7856700663536929,0,10.0
286,1.4349999999999914,0.5205202860707183,180.0,0.09354073709139293,0.7856700592210049,0,10.0
287,1.4399999999999913,0.5248651071528115,180.0,0.09446665346863238,0.7856700520540679,0,10.0
288,1.4449999999999912,0.5282880569434312,180.0,0.09539693924447398,0.7856700448528817,0,10.0
289,1.449999999999991,0.5321635802594409,180.0,0.09633159441891773,0.7856700376174454,0,10.0
290,1.454999999999991,0.5352727615204604,180.0,0.09727061899196361,0.7856700303477584,0,10.0
291,1.4599999999999909,0.5388507375069606,180.0,0.09821401296361161,0.7856700230438202,0,10.0
292,1.4649999999999908,0.5415738036931551,180.0,0.09916177633386171,0.78567001570563,0,10.0
293,1.4699999999999906,0.5447542957221903,180.0,0.1001139091027139,0.7856700083331876,0,10.0
294,1.4749999999999905,0.5471977717755672,180.0,0.10107041127016816,0.7856700009264919,0,10.0
295,1.4799999999999904,0.5499290105285328,180.0,0.1020312828362245,0.7856699934855427,0,10.0
296,1.4849999999999903,0.5520331418515082,180.0,0.10299652380088287,0.7856699860103391,0,10.0
297,1.4899999999999902,0.5544405523231867,180.0,0.10396613416414328,0.7856699785008806,0,10.0
298,1.4949999999999901,0.5562381809181387,180.0,0.10494011392600572,0.7856699709571666,0,10.0
299,1.49999999999999,0.5582337475065687,180.0,0.10591846308647015,0.7856699633791965,0,10.0
300,1.50499999999999,0.5596729093079882,164.4450288636528,0.1069011816455366,0.7856699557669695,0,10.0
301,1.5099999999999898,0.5611977264191657,180.0,0.10788826960320501,0.7856699481204853,0,10.0
302,1.5149999999999897,0.5622986005013735,180.0,0.10887972695947538,0.7856699404397429,0,10.0
303,1.5199999999999896,0.5633933718730755,180.0,0.1098755537143477,0.785669932724742,0,10.0
304,1.5249999999999895,0.564464879192268,180.0,0.11087574986782198,0.7856699249754816,0,10.0
305,1.5299999999999894,0.5653480988654391,180.0,0.11188031541989817,0.7856699171919614,0,10.0
306,1.5349999999999893,0.565986450412118,180.0,0.11288925037057626,0.7856699093741805,0,10.0
307,1.5399999999999892,0.5670088038169235,180.0,0.11390255471985625,0.7856699015221384,0,10.0
308,1.544999999999989,0.5683026160664163,180.0,0.11492022846773811,0.7856698936358344,0,10.0
309,1.549999999999989,0.569300581747602,180.0,0.11594227161422184,0.785669885715268,0,10.0
310,1.5549999999999888,0.5700806542955843,180.0,0.11696868415930742,0.7856698777604383,0,10.0
311,1.5599999999999887,0.5705669754528331,180.0,0.11799946610299483,0.7856698697713448,0,10.0
312,1.5649999999999886,0.5708390475908259,180.0,0.11903461744528407,0.7856698617479867,0,10.0
313,1.5699999999999885,0.5705145778590331,180.0,0.12007413818617511,0.7856698536903636,0,10.0
314,1.5749999999999884,0.5701457120248327,180.0,0.12111802832566795,0.7856698455984745,0,10.0
315,1.5799999999999883,0.5691651064117699,180.0,0.12216628786376256,0.785669837472319,0,10.0
316,1.5849999999999882,0.5681018072571011,180.0,0.12321891680045893,0.7856698293118963,0,10.0
317,1.589999999999988,0.5666844587285348,180.0,0.12427591513575705,0.7856698211172058,0,10.0
318,1.594999999999988,0.5653163072753534,180.0,0.1253372828696569,0.7856698128882468,0,10.0
319,1.5999999999999879,0.5635462116081301,180.0,0.12640302000215847,0.7856698046250186,0,10.0
320,1.6049999999999878,0.5617868614356213,180.0,0.12747312653326173,0.7856697963275204,0,10.0
321,1.6099999999999877,0.5595994742951379,180.0,0.12854760246296668,0.7856697879957518,0,10.0
322,1.6149999999999876,0.5573800526544126,180.0,0.1296264477912733,0.785669779629712,0,10.0
323,1.6199999999999875,0.5548029069435612,180.0,0.13070966251818159,0.7856697712294001,0,10.0
324,1.6249999999999873,0.5521287954182029,180.0,0.1317972466436915,0.7856697627948156,0,10.0
325,1.6299999999999872,0.5491168881329835,180.0,0.13288920016780303,0.7856697543259578,0,10.0
326,1.6349999999999871,0.5460439801856266,180.0,0.13398552309051617,0.7856697458228259,0,10.0
327,1.639999999999987,0.5425304776547463,180.0,0.1350862154118309,0.7856697372854193,0,10.0
328,1.644999999999987,0.538953756085443,180.0,0.13619127713174722,0.7856697287137373,0,10.0
329,1.6499999999999868,0.5349598876265433,180.0,0.1373007082502651,0.7856697201077791,0,10.0
330,1.6549999999999867,0.530947967166635,180.0,0.13841450876738454,0.7856697114675442,0,10.0
331,1.6599999999999866,0.5264408588339967,180.0,0.13953267868310548,0.7856697027930316,0,10.0
332,1.6649999999999865,0.5220140792685752,180.0,0.14065521799742794,0.7856696940842408,0,10.0
333,1.6699999999999864,0.517065582653495,180.0,0.1417821267103519,0.785669685341171,0,10.0
334,1.6749999999999863,0.5122033613061387,180.0,0.14291340482187734,0.7856696765638215,0,10.0
335,1.6799999999999862,0.5066845900425887,180.0,0.14404905233200424,0.7856696677521914,0,10.0
336,1.684999999999986,0.501351753973059,180.0,0.14518906924073258,0.7856696589062803,0,10.0
337,1.689999999999986,0.49641860241619046,180.0,0.14633345554806235,0.7856696500260871,0,10.0
338,1.6949999999999859,0.49304626050486644,180.0,0.14748221125399355,0.7856696411116114,0,10.0
339,1.6999999999999857,0.48966893892100083,180.0,0.14863533635852613,0.7856696321628523,0,10.0
340,1.7049999999999856,0.4872192983718242,180.0,0.14979283086166012,0.7856696231798093,0,10.0
341,1.7099999999999855,0.4843773422708652,180.0,0.15095469476339546,0.7856696141624813,0,10.0
342,1.7149999999999854,0.48204668843873605,180.0,0.15212092806373215,0.7856696051108677,0,10.0
343,1.7199999999999853,0.4789519854904409,180.0,0.15329153076267016,0.7856695960249677,0,10.0
344,1.7249999999999852,0.47643286666667767,180.0,0.1544665028602095,0.7856695869047807,0,10.0
345,1.729999999999985,0.4731427494009019,180.0,0.15564584435635012,0.7856695777503058,0,10.0
346,1.734999999999985,0.46997383130382586,180.0,0.15682955525109205,0.7856695685615424,0,10.0
347,1.739999999999985,0.466174346445055,180.0,0.15801763554443524,0.7856695593384896,0,10.0
348,1.7449999999999848,0.4627931326561924,180.0,0.15921008523637967,0.7856695500811467,0,10.0
349,1.7499999999999847,0.45871442777677446,180.0,0.16040690432692534,0.7856695407895129,0,10.0
350,1.7549999999999846,0.45526166232025017,180.0,0.16160809281607222,0.7856695314635875,0,10.0
351,1.7599999999999845,0.4513642565157807,180.0,0.16281365070382028,0.7856695221033697,0,10.0
352,1.7649999999999844,0.44787315088983176,180.0,0.16402357799016953,0.7856695127088588,0,10.0
353,1.7699999999999843,0.443790228522282,180.0,0.16523787467511994,0.7856695032800538,0,10.0
354,1.7749999999999841,0.43998961007788245,180.0,0.1664565407586715,0.7856694938169541,0,10.0
355,1.779999999999984,0.4365075937331527,180.0,0.1676795762408242,0.7856694843195589,0,10.0
356,1.784999999999984,0.4334539628280619,180.0,0.16890698112157798,0.7856694747878674,0,10.0
357,1.7899999999999838,0.4306408978341136,180.0,0.17013875540093287,0.7856694652218789,0,10.0
358,1.7949999999999837,0.4284562819043852,180.0,0.17137489907888884,0.7856694556215924,0,10.0
359,1.7999999999999836,0.4262624083830508,180.0,0.17261541215544585,0.7856694459870073,0,10.0
360,1.8049999999999835,0.4243457898971421,180.0,0.1738602946306039,0.7856694363181228,0,10.0
361,1.8099999999999834,0.42227436244720407,180.0,0.17510954650436297,0.785669426614938,0,10.0
362,1.8149999999999833,0.42010806047209787,180.0,0.17636316777672306,0.7856694168774522,0,10.0
363,1.8199999999999832,0.41766670910699427,180.0,0.17762115844768414,0.7856694071056646,0,10.0
364,1.824999999999983,0.4152399081304842,180.0,0.17888351851724618,0.7856693972995742,0,10.0
365,1.829999999999983,0.4130957319391424,180.0,0.18015024798540916,0.7856693874591804,0,10.0
366,1.8349999999999829,0.4107526695632242,180.0,0.18142134685217307,0.7856693775844823,0,10.0
367,1.8399999999999828,0.40843279535849775,180.0,0.1826968151175379,0.7856693676754791,0,10.0
368,1.8449999999999827,0.405948636584556,180.0,0.18397665278150363,0.7856693577321701,0,10.0
369,1.8499999999999825,0.40372946583629116,180.0,0.18526085984407023,0.7856693477545543,0,10.0
370,1.8549999999999824,0.40104089504276536,180.0,0.18654943630523768,0.785669337742631,0,10.0
371,1.8599999999999823,0.39853072378687493,180.0,0.18784238216500598,0.7856693276963993,0,10.0
372,1.8649999999999822,0.39535376458476945,180.0,0.1891396974233751,0.7856693176158585,0,10.0
373,1.8699999999999821,0.3924642853620848,180.0,0.19044138208034503,0.7856693075010075,0,10.0
374,1.874999999999982,0.38876558589354965,180.0,0.19174743613591574,0.7856692973518458,0,10.0
375,1.879999999999982,0.3855010926022122,180.0,0.19305785959008723,0.7856692871683724,0,10.0
376,1.8849999999999818,0.381298389146921,180.0,0.19437265244285945,0.7856692769505863,0,10.0
377,1.8899999999999817,0.3776345465489236,180.0,0.19569181469423239,0.785669266698487,0,10.0
378,1.8949999999999816,0.37286647321604044,180.0,0.19701534634420603,0.7856692564120734,0,10.0
379,1.8999999999999815,0.3687520308391947,180.0,0.19834324739278036,0.7856692460913447,0,10.0
380,1.9049999999999814,0.3633952523714958,180.0,0.19967551783995538,0.7856692357363001,0,10.0
381,1.9099999999999813,0.3587782025915952,180.0,0.20101215768573105,0.7856692253469388,0,10.0
382,1.9149999999999812,0.3529033660730531,180.0,0.20235316693010735,0.7856692149232598,0,10.0
383,1.919999999999981,0.3478899661862917,180.0,0.20369854557308426,0.7856692044652624,0,10.0
384,1.924999999999981,0.34146358442177466,180.0,0.20504829361466176,0.7856691939729457,0,10.0
385,1.9299999999999808,0.3359956644823545,180.0,0.20640241105483983,0.7856691834463086,0,10.0
386,1.9349999999999807,0.32902273624462985,180.0,0.20776089789361846,0.7856691728853505,0,10.0
387,1.9399999999999806,0.3230508487999659,180.0,0.20912375413099762,0.7856691622900706,0,10.0
388,1.9449999999999805,0.31552427086085827,180.0,0.2104909797669773,0.7856691516604678,0,10.0
389,1.9499999999999804,0.3090732296104865,180.0,0.21186257480155749,0.7856691409965413,0,10.0
390,1.9549999999999803,0.30092068096428937,180.0,0.21323853923473815,0.7856691302982902,0,10.0
391,1.9599999999999802,0.2939549703013805,180.0,0.21461887306651925,0.7856691195657137,0,10.0
392,1.96499999999998,0.2854022528246209,180.0,0.21600357629690078,0.7856691087988109,0,10.0
393,1.96999999999998,0.2780101136272283,180.0,0.21739264892588275,0.7856690979975809,0,10.0
394,1.9749999999999799,0.2696745942285273,180.0,0.21878609095346513,0.7856690871620228,0,10.0
395,1.9799999999999798,0.2635851286363385,180.0,0.22018390237964786,0.7856690762921356,0,10.0
396,1.9849999999999797,0.25740226001926414,180.0,0.22158608320443096,0.7856690653879185,0,10.0
397,1.9899999999999796,0.25356511494537476,180.0,0.2229926334278144,0.7856690544493707,0,10.0
398,1.9949999999999795,0.2510253235051368,180.0,0.22440355304979814,0.7856690434764912,0,10.0
399,1.9999999999999793,0.24935014219841528,180.0,0.2258188420703822,0.7856690324692791,0,10.0
400,2.0049999999999795,0.24962384565594598,180.0,0.2272385004895665,0.7856690214277335,0,10.0
401,2.0099999999999794,0.25036069252674664,180.0,0.2286625283073511,0.7856690103518535,0,10.0
402,2.0149999999999793,0.2524275751670571,180.0,0.23009092552373592,0.7856689992416382,0,10.0
403,2.019999999999979,0.25600645753478535,180.0,0.23152369213872095,0.7856689880970867,0,10.0
404,2.024999999999979,0.26112862690726685,180.0,0.23296082815230618,0.785668976918198,0,10.0
405,2.029999999999979,0.26785768951277733,180.0,0.23440233356449158,0.7856689657049714,0,10.0
406,2.034999999999979,0.2760762191003969,180.0,0.23584820837527715,0.7856689544574057,0,10.0
407,2.0399999999999787,0.2855289400389466,180.0,0.23729845258466284,0.7856689431755002,0,10.0
408,2.0449999999999786,0.2960883115796791,180.0,0.23875306619264863,0.7856689318592537,0,10.0
409,2.0499999999999785,0.30748060940782657,174.65672375235147,0.24021204919923453,0.7856689205086655,0,10.0
410,2.0549999999999784,0.3194218547611822,152.37305834847132,0.2416754016044205,0.7856689091237347,0,10.0
411,2.0599999999999783,0.3318728251612403,134.54030441513603,0.2431431234082065,0.7856688977044601,0,10.0
412,2.064999999999978,0.3445819423614005,108.22523402998128,0.24461521461059255,0.7856688862508411,0,10.0
413,2.069999999999978,0.35743908179016315,94.4671526853297,0.2460916752115786,0.7856688747628764,0,10.0
414,2.074999999999978,0.3704466419849206,68.6443163225626,0.2475725052111646,0.7856688632405654,0,10.0
415,2.079999999999978,0.38324427963959595,68.41359702381895,0.2490577046093506,0.7856688516839069,0,10.0
416,2.0849999999999778,0.3959761624152891,45.0,0.25054727340613653,0.7856688400929002,0,10.0
417,2.0899999999999777,0.4079258858331136,59.503198756973816,0.2520412116015224,0.7856688284675439,0,10.0
418,2.0949999999999775,0.4204021712742082,180.0,0.25353951919550816,0.7856688168078375,0,10.0
419,2.0999999999999774,0.4319807900763792,180.0,0.25504219618809376,0.7856688051137799,0,10.0
420,2.1049999999999773,0.4441292772766642,180.0,0.25654924257927925,0.7856687933853702,0,10.0
421,2.1099999999999772,0.45633647326691484,180.0,0.25806065836906456,0.7856687816226072,0,10.0
422,2.114999999999977,0.4678175564483093,180.0,0.2595764435574497,0.7856687698254903,0,10.0
423,2.119999999999977,0.479600719338634,180.0,0.26109659814443464,0.7856687579940181,0,10.0
424,2.124999999999977,0.49036346391234215,180.0,0.26262112213001937,0.78566874612819,0,10.0
425,2.129999999999977,0.5018987699120057,180.0,0.2641500155142038,0.7856687342280048,0,10.0
426,2.1349999999999767,0.5123442138462649,180.0,0.26568327829698796,0.7856687222934616,0,10.0
427,2.1399999999999766,0.5235468156176333,180.0,0.2672209104783718,0.7856687103245595,0,10.0
428,2.1449999999999765,0.5333732699857182,180.0,0.2687629120583554,0.7856686983212974,0,10.0
429,2.1499999999999764,0.5441485125108002,180.0,0.27030928303693863,0.7856686862836744,0,10.0
430,2.1549999999999763,0.553664399279274,180.0,0.27186002341412147,0.7856686742116894,0,10.0
431,2.159999999999976,0.5643362566562244,180.0,0.27341513318990396,0.7856686621053415,0,10.0
432,2.164999999999976,0.5734228428953911,180.0,0.27497461236428605,0.7856686499646296,0,10.0
433,2.169999999999976,0.5831966512358207,180.0,0.2765384609372677,0.7856686377895529,0,10.0
434,2.174999999999976,0.5918843252049877,180.0,0.2781066789088489,0.7856686255801102,0,10.0
435,2.1799999999999757,0.6012686045775314,180.0,0.2796792662790296,0.7856686133363006,0,10.0
436,2.1849999999999756,0.6099038938500048,180.0,0.28125622304780984,0.7856686010581231,0,10.0
437,2.1899999999999755,0.6189497058285485,180.0,0.28283754921518955,0.7856685887455765,0,10.0
438,2.1949999999999754,0.6268471998544614,180.0,0.2844232447811687,0.7856685763986603,0,10.0
439,2.1999999999999753,0.6354647589203114,180.0,0.2860133097457473,0.7856685640173728,0,10.0
440,2.204999999999975,0.6429124854726317,180.0,0.2876077441089253,0.7856685516017136,0,10.0
441,2.209999999999975,0.6512719852797009,180.0,0.2892065478707027,0.7856685391516812,0,10.0
442,2.214999999999975,0.6582663563748204,180.0,0.2908097210310795,0.7856685266672749,0,10.0
443,2.219999999999975,0.6659001744508799,180.0,0.2924172635900556,0.7856685141484936,0,10.0
444,2.2249999999999748,0.672542835057358,180.0,0.294029175547631,0.7856685015953363,0,10.0
445,2.2299999999999747,0.6796040358099138,180.0,0.2956454569038057,0.7856684890078017,0,10.0
446,2.2349999999999746,0.6857571430639657,180.0,0.29726610765857975,0.7856684763858892,0,10.0
447,2.2399999999999745,0.6921980365387544,180.0,0.298891127811953,0.7856684637295973,0,10.0
448,2.2449999999999743,0.6978152674369933,180.0,0.30052051736392543,0.7856684510389255,0,10.0
449,2.2499999999999742,0.7036999112136496,180.0,0.3021542763144971,0.7856684383138722,0,10.0
450,2.254999999999974,0.7086214276625001,180.0,0.30379240466366797,0.7856684255544368,0,10.0
451,2.259999999999974,0.7133387529466922,180.0,0.305434902411438,0.7856684127606179,0,10.0
452,2.264999999999974,0.7173303889622225,180.0,0.30708176955780714,0.7856683999324148,0,10.0
453,2.269999999999974,0.7215818641049648,180.0,0.3087330061027754,0.7856683870698262,0,10.0
454,2.2749999999999737,0.7251541654487784,180.0,0.3103886120463427,0.7856683741728512,0,10.0
455,2.2799999999999736,0.7290542854061813,180.0,0.3120485873885091,0.7856683612414885,0,10.0
456,2.2849999999999735,0.7322835018728047,180.0,0.31371293212927454,0.7856683482757374,0,10.0
457,2.2899999999999734,0.7359736025714726,180.0,0.315381646268639,0.7856683352755964,0,10.0
458,2.2949999999999733,0.7389821938743774,180.0,0.3170547298066025,0.7856683222410649,0,10.0
459,2.299999999999973,0.7423244718897565,180.0,0.3187321827431649,0.7856683091721415,0,10.0
460,2.304999999999973,0.7449633939300027,180.0,0.32041400507832624,0.7856682960688253,0,10.0
461,2.309999999999973,0.7478482908091952,180.0,0.3221001968120865,0.7856682829311151,0,10.0
462,2.314999999999973,0.7500675561314919,180.0,0.3237907579444457,0.7856682697590099,0,10.0
463,2.3199999999999728,0.7524748967237876,180.0,0.3254856884754037,0.7856682565525087,0,10.0
464,2.3249999999999726,0.7542081017926255,180.0,0.3271849884049606,0.7856682433116102,0,10.0
465,2.3299999999999725,0.7560248206685173,180.0,0.32888865773311626,0.7856682300363135,0,10.0
466,2.3349999999999724,0.7572021416116437,180.0,0.3305966964598708,0.7856682167266175,0,10.0
467,2.3399999999999723,0.7585773853002927,180.0,0.33230910458522406,0.7856682033825211,0,10.0
468,2.344999999999972,0.7592365952072274,180.0,0.33402588210917605,0.7856681900040231,0,10.0
469,2.349999999999972,0.7600423830761048,180.0,0.3357470290317268,0.7856681765911225,0,10.0
470,2.354999999999972,0.7601680203216136,180.0,0.33747254535287624,0.7856681631438182,0,10.0
471,2.359999999999972,0.7604914541256222,180.0,0.3392024310726244,0.7856681496621091,0,10.0
472,2.364999999999972,0.760074510656028,180.0,0.3409366861909711,0.785668136145994,0,10.0
473,2.3699999999999717,0.7600073275082083,180.0,0.3426753107079165,0.7856681225954719,0,10.0
474,2.3749999999999716,0.7592111636074497,180.0,0.3444183046234605,0.7856681090105416,0,10.0
475,2.3799999999999715,0.7587155535233479,180.0,0.34616566793760306,0.7856680953912021,0,10.0
476,2.3849999999999714,0.7576196352707105,180.0,0.34791740065034416,0.7856680817374523,0,10.0
477,2.3899999999999713,0.7567368022760468,180.0,0.3496735027616838,0.7856680680492909,0,10.0
478,2.394999999999971,0.7550961103481064,180.0,0.35143397427162193,0.785668054326717,0,10.0
479,2.399999999999971,0.7537821352681553,180.0,0.35319881518015855,0.7856680405697294,0,10.0
480,2.404999999999971,0.7517149139298844,180.0,0.3549680254872936,0.7856680267783268,0,10.0
481,2.409999999999971,0.7498746812411827,180.0,0.35674160519302706,0.7856680129525083,0,10.0
482,2.4149999999999707,0.7473587089460726,180.0,0.35851955429735893,0.7856679990922728,0,10.0
483,2.4199999999999706,0.744735371223709,180.0,0.3603018728002892,0.7856679851976189,0,10.0
484,2.4249999999999705,0.7414137301243126,180.0,0.3620885607018178,0.7856679712685458,0,10.0
485,2.4299999999999704,0.7383399235591888,180.0,0.3638796180019447,0.785667957305052,0,10.0
486,2.4349999999999703,0.734666137643,180.0,0.36567504470066986,0.7856679433071366,0,10.0
487,2.43999999999997,0.7312660816270443,180.0,0.3674748407979933,0.7856679292747984,0,10.0
488,2.44499999999997,0.7271902418122722,180.0,0.369279006293915,0.7856679152080364,0,10.0
489,2.44999999999997,0.7233744663548624,180.0,0.37108754118843496,0.7856679011068491,0,10.0
490,2.45499999999997,0.7187772376532074,180.0,0.37290044548155304,0.7856678869712357,0,10.0
491,2.4599999999999698,0.7143802111357926,180.0,0.3747177191732693,0.7856678728011948,0,10.0
492,2.4649999999999697,0.7092132448432972,180.0,0.3765393622635837,0.7856678585967254,0,10.0
493,2.4699999999999696,0.7042450281399488,180.0,0.3783653747524962,0.7856678443578262,0,10.0
494,2.4749999999999694,0.6985479345552824,180.0,0.3801957566400068,0.785667830084496,0,10.0
495,2.4799999999999693,0.6928681227522524,180.0,0.3820305079261155,0.785667815776734,0,10.0
496,2.4849999999999692,0.6866443012231662,180.0,0.3838696286108222,0.7856678014345386,0,10.0
497,2.489999999999969,0.680712683068561,180.0,0.3857131186941269,0.7856677870579089,0,10.0
498,2.494999999999969,0.6740832561294262,180.0,0.3875609781760296,0.7856677726468435,0,10.0
499,2.499999999999969,0.6677100652909933,180.0,0.3894132070565302,0.7856677582013415,0,10.0
500,2.504999999999969,0.6606527148127468,180.0,0.3912698053356288,0.7856677437214015,0,10.0
501,2.5099999999999687,0.6537769812992971,180.0,0.3931307730133252,0.7856677292070223,0,10.0
502,2.5149999999999686,0.6462663458221011,180.0,0.39499611008961955,0.785667714658203,0,10.0
503,2.5199999999999685,0.6389271302703935,180.0,0.3968658165645117,0.7856677000749421,0,10.0
504,2.5249999999999684,0.6308931064179959,180.0,0.3987398924380017,0.7856676854572385,0,10.0
505,2.5299999999999683,0.6230307569445339,180.0,0.4006183377100895,0.7856676708050911,0,10.0
506,2.534999999999968,0.6145447380703011,180.0,0.40250115238077505,0.7856676561184986,0,10.0
507,2.539999999999968,0.6061917587543104,180.0,0.40438833645005834,0.7856676413974599,0,10.0
508,2.544999999999968,0.5971685298366827,180.0,0.40627988991793934,0.7856676266419736,0,10.0
509,2.549999999999968,0.5881461521319705,180.0,0.408175812784418,0.7856676118520388,0,10.0
510,2.5549999999999677,0.5784179248492899,180.0,0.4100761050494943,0.7856675970276541,0,10.0
511,2.5599999999999676,0.568798425736953,180.0,0.4119807667131683,0.7856675821688183,0,10.0
512,2.5649999999999675,0.5585909659041582,180.0,0.4138897977754399,0.7856675672755301,0,10.0
513,2.5699999999999674,0.5485624663445907,180.0,0.415803198236309,0.7856675523477885,0,10.0
514,2.5749999999999673,0.5379722944694114,180.0,0.4177209680957757,0.7856675373855921,0,10.0
515,2.579999999999967,0.5274573317685549,180.0,0.4196431073538399,0.7856675223889398,0,10.0
516,2.584999999999967,0.5164301953081526,180.0,0.42156961601050164,0.7856675073578303,0,10.0
517,2.589999999999967,0.5055284130820688,180.0,0.4235004940657608,0.7856674922922624,0,10.0
518,2.594999999999967,0.49410754804772306,180.0,0.4254357415196174,0.7856674771922348,0,10.0
519,2.599999999999967,0.48280803600735106,180.0,0.4273753583720714,0.7856674620577465,0,10.0
520,2.6049999999999667,0.47405006655049536,180.0,0.42931934462312277,0.7856674468887961,0,10.0
521,2.6099999999999666,0.46686920946345983,180.0,0.4312677002727715,0.7856674316853823,0,10.0
522,2.6149999999999665,0.4603509540137496,180.0,0.43322042532101757,0.7856674164475039,0,10.0
523,2.6199999999999664,0.45448442850663096,180.0,0.4351775197678609,0.7856674011751598,0,10.0
524,2.6249999999999662,0.4487281174045643,180.0,0.4371389836133015,0.7856673858683485,0,10.0
525,2.629999999999966,0.44370682614844864,180.0,0.4391048168573394,0.785667370527069,0,10.0
526,2.634999999999966,0.4385721791506834,180.0,0.44107501949997446,0.7856673551513199,0,10.0
527,2.639999999999966,0.4341485320037408,180.0,0.4430495915412067,0.7856673397411,0,10.0
528,2.644999999999966,0.4290879869853879,180.0,0.4450285329810361,0.7856673242964082,0,10.0
529,2.6499999999999657,0.42448776426084023,180.0,0.44701184381946263,0.7856673088172429,0,10.0
530,2.6549999999999656,0.41969880245189944,180.0,0.44899952405648624,0.7856672933036031,0,10.0
531,2.6599999999999655,0.4155409198515155,180.0,0.45099157369210696,0.7856672777554874,0,10.0
532,2.6649999999999654,0.4106873987454296,180.0,0.4529879927263247,0.7856672621728946,0,10.0
533,2.6699999999999653,0.4062118325698293,180.0,0.45498878115913943,0.7856672465558234,0,10.0
534,2.674999999999965,0.4016167161499524,180.0,0.4569939389905512,0.7856672309042726,0,10.0
535,2.679999999999965,0.39733163942666627,180.0,0.4590034662205599,0.7856672152182409,0,10.0
536,2.684999999999965,0.3921831130647187,180.0,0.4610173628491655,0.7856671994977269,0,10.0
537,2.689999999999965,0.38736136109008096,180.0,0.463035628876368,0.7856671837427295,0,10.0
538,2.6949999999999648,0.3816852408784364,180.0,0.4650582643021674,0.7856671679532473,0,10.0
539,2.6999999999999647,0.37639858270116316,180.0,0.4670852691265636,0.7856671521292791,0,10.0
540,2.7049999999999645,0.3701331736141317,180.0,0.4691166433495566,0.7856671362708235,0,10.0
541,2.7099999999999644,0.36435443784605487,180.0,0.4711523869711464,0.7856671203778793,0,10.0
542,2.7149999999999643,0.3575929015563953,180.0,0.47319249999133295,0.7856671044504452,0,10.0
543,2.7199999999999642,0.3514354957007827,180.0,0.4752369824101162,0.7856670884885198,0,10.0
544,2.724999999999964,0.34413390560993334,180.0,0.47728583422749615,0.785667072492102,0,10.0
545,2.729999999999964,0.3379240393928351,180.0,0.4793390554434728,0.7856670564611904,0,10.0
546,2.734999999999964,0.33132172670204957,180.0,0.481396646058046,0.7856670403957836,0,10.0
547,2.739999999999964,0.32451407299862517,180.0,0.4834586060712158,0.7856670242958804,0,10.0
548,2.7449999999999637,0.31764674967495554,180.0,0.48552493548298226,0.7856670081614794,0,10.0
549,2.7499999999999636,0.31204116092558476,180.0,0.48759563429334524,0.7856669919925794,0,10.0
550,2.7549999999999635,0.3070510652541254,180.0,0.4896707025023047,0.7856669757891791,0,10.0
551,2.7599999999999634,0.30455542320648377,180.0,0.4917501401098607,0.7856669595512771,0,10.0
552,2.7649999999999633,0.3026318873386337,180.0,0.4938339471160131,0.785666943278872,0,10.0
553,2.769999999999963,0.3025097177066445,180.0,0.4959221235207619,0.7856669269719626,0,10.0
554,2.774999999999963,0.30286725044843843,180.0,0.49801466932410715,0.7856669106305477,0,10.0
555,2.779999999999963,0.3042885788192384,180.0,0.5001115845260488,0.7856668942546257,0,10.0
556,2.784999999999963,0.3060732593127745,180.0,0.5022128691265867,0.7856668778441954,0,10.0
557,2.7899999999999627,0.30945800159694475,180.0,0.5043185231257209,0.7856668613992555,0,10.0
558,2.7949999999999626,0.3127332503548451,180.0,0.5064285465234514,0.7856668449198045,0,10.0
559,2.7999999999999625,0.31758699541766855,180.0,0.5085429393197781,0.7856668284058415,0,10.0
560,2.8049999999999624,0.3225409357401558,180.0,0.510661701514701,0.7856668118573645,0,10.0
561,2.8099999999999623,0.3290204791108795,180.0,0.5127848331082201,0.7856667952743727,0,10.0
562,2.814999999999962,0.3356837430720342,180.0,0.5149123341003353,0.7856667786568644,0,10.0
563,2.819999999999962,0.34369891710131145,180.0,0.5170442044910467,0.7856667620048385,0,10.0
564,2.824999999999962,0.35178198487367074,180.0,0.5191804442803541,0.7856667453182936,0,10.0
565,2.829999999999962,0.3610387067386652,180.0,0.5213210534682576,0.7856667285972283,0,10.0
566,2.8349999999999618,0.3701807197219569,165.91363866595484,0.5234660320547572,0.7856667118416412,0,10.0
567,2.8399999999999617,0.3801543261142397,180.0,0.5256153800398528,0.7856666950515309,0,10.0
568,2.8449999999999616,0.3895357813258675,180.0,0.5277690974235443,0.7856666782268963,0,10.0
569,2.8499999999999615,0.39943378596427326,180.0,0.5299271842058317,0.7856666613677357,0,10.0
570,2.8549999999999613,0.4087439216577074,180.0,0.5320896403867151,0.7856666444740479,0,10.0
571,2.8599999999999612,0.41854177729147474,180.0,0.5342564659661944,0.7856666275458315,0,10.0
572,2.864999999999961,0.42788043684227983,180.0,0.5364276609442694,0.7856666105830852,0,10.0
573,2.869999999999961,0.43711786522654517,180.0,0.5386032253209403,0.7856665935858076,0,10.0
574,2.874999999999961,0.4460869912343052,180.0,0.5407831590962069,0.7856665765539972,0,10.0
575,2.879999999999961,0.45507990219741673,180.0,0.5429674622700693,0.7856665594876527,0,10.0
576,2.8849999999999607,0.46349680468802296,180.0,0.5451561348425275,0.7856665423867728,0,10.0
577,2.8899999999999606,0.4718799162981953,180.0,0.5473491768135812,0.785666525251356,0,10.0
578,2.8949999999999605,0.4795263150917973,180.0,0.5495465881832307,0.7856665080814009,0,10.0
579,2.8999999999999604,0.48728644028495327,180.0,0.5517483689514757,0.7856664908769062,0,10.0
580,2.9049999999999603,0.49475633290810433,180.0,0.5539545191183164,0.7856664736378705,0,10.0
581,2.90999999999996,0.502130159703672,180.0,0.5561650386837526,0.7856664563642922,0,10.0
582,2.91499999999996,0.5092248980586964,180.0,0.5583799276477843,0.7856664390561702,0,10.0
583,2.91999999999996,0.5162174876499932,180.0,0.5605991860104116,0.7856664217135029,0,10.0
584,2.92499999999996,0.5229895702620267,180.0,0.5628228137716342,0.785666404336289,0,10.0
585,2.9299999999999597,0.5296419476667829,180.0,0.5650508109314524,0.785666386924527,0,10.0
586,2.9349999999999596,0.5360431073020876,180.0,0.5672831774898659,0.7856663694782156,0,10.0
587,2.9399999999999595,0.5422982260830346,180.0,0.5695199134468748,0.7856663519973532,0,10.0
588,2.9449999999999594,0.5483385156776567,180.0,0.571761018802479,0.7856663344819386,0,10.0
589,2.9499999999999593,0.5542392988867446,180.0,0.5740064935566784,0.7856663169319703,0,10.0
590,2.954999999999959,0.5598543222193528,180.0,0.5762563377094732,0.7856662993474468,0,10.0
591,2.959999999999959,0.5653225573588901,180.0,0.5785105512608631,0.7856662817283668,0,10.0
592,2.964999999999959,0.5704899562247441,180.0,0.5807691342108483,0.7856662640747287,0,10.0
593,2.969999999999959,0.5755255781767797,180.0,0.5830320865594286,0.7856662463865314,0,10.0
594,2.974999999999959,0.5802251214476337,180.0,0.5852994083066041,0.785666228663773,0,10.0
595,2.9799999999999587,0.5846458534132214,180.0,0.5875710994523747,0.7856662109064525,0,10.0
596,2.9849999999999586,0.5887379082151667,180.0,0.5898471599967404,0.7856661931145682,0,10.0
597,2.9899999999999585,0.5927342214891049,180.0,0.5921275899397012,0.7856661752881188,0,10.0
598,2.9949999999999584,0.596392056508352,180.0,0.5944123892812568,0.7856661574271028,0,10.0
599,2.9999999999999583,0.5999161078593593,180.0,0.5967015580214076,0.7856661395315186,0,10.0
